date,count,tickers
2025-09-12,117,"PL,SNDK,ORCL,CNTA,NTNX,CPNG,TECK,WBD,DNTH,NBIS,SPHR,GLW,GME,BABA,WIX,BIDU,BTSG,CIFR,FER,HL,MU,HYMC,RVMD,NTES,AXTI,IREN,JD,BHF,VNET,ATRO,KC,HUT,APP,ONDS,ROIV,SATS,APLD,CRDO,TVTX,CRWV,LUMN,CENX,IONQ,AVGO,GFI,TSM,GDS,RIOT,AAUC,AG,LITE,VIPS,RMBS,LYFT,MS,APH,EPR,MKSI,STNG,LRCX,TSLA,UNH,QTWO,IAG,PUK,EDU,AU,ING,MLYS,ERO,HSBC,RGTI,LYV,BILI,GLXY,CORZ,DLR,NKTR,CRC,BE,SU,QS,SEI,LIF,FIX,FSM,FTI,FTDR,WT,GLPI,DBRG,ABBV,TRU,EGO,ALAB,JPM,B,CGAU,RKT,CNK,IMO,GS,OLN,YOU,WULF,BCS,LAUR,IMAX,SOC,TLN,SIMO,HSAI,OTEX,ASX,BX,CVS,EVR"
2025-09-15,126,"SNDK,BILI,ORCL,WBD,TECK,NBIS,GME,RMBS,SA,GLW,SPHR,AXTI,IREN,DNTH,BABA,IONQ,ROIV,CIFR,VNET,WIX,HUT,MU,HYMC,PL,OTF,LITE,CRWV,CENX,ATRO,CNTA,SEI,TSLA,ETN,RIOT,BTSG,RVMD,APLD,DLR,LYFT,OKLO,TVTX,OTEX,CRC,AAOI,BE,IAG,AG,STX,IRM,JPM,MS,APH,PONY,EPR,CIEN,EQX,KC,HL,SU,VST,PUK,WDC,ASML,ING,RDDT,GFI,CCJ,UUUU,HSBC,RGTI,IBRX,AAUC,GLXY,CORZ,CGAU,IMO,ORLA,CVE,FSLY,ONTO,CDE,LRCX,LI,TSM,GDS,WRD,FIX,SLG,ERO,NRG,VIPS,NTES,ABBV,STRL,EGO,LHX,CRDO,BXP,MFC,ALAB,RKT,GS,FER,NTNX,JD,YOU,BVN,CPNG,LYG,BCS,LAUR,MTZ,BHF,VRT,TLN,COCO,ZWS,HD,BX,CNQ,EVR,KLAC,AVGO,GOOG,GOOGL,ARM"
2025-09-16,106,"SNDK,WBD,ORCL,RMBS,GME,SPHR,IONQ,SA,GLW,SEI,AXTI,PACS,TSLA,BILI,BE,HYMC,OTF,LITE,CENX,ATRO,MU,BIDU,SLG,CGON,LHX,BXP,OKLO,TVTX,DNTH,PAGS,ONTO,IAG,ETN,WDC,GDS,PL,AG,IREN,STX,BTSG,RVMD,STLD,IMO,LYFT,JD,APA,MKSI,KYMR,ITT,CVE,AAOI,SU,LRCX,CIFR,CLSK,KLIC,APLD,BABA,HUT,ASML,ING,TKO,NTES,FERG,KTOS,DLR,PBA,LAUR,VNET,CRC,CNQ,AVAV,NIO,FIX,SCCO,ACLX,ABBV,CRDO,GE,ALAB,SOBO,RKT,FIGS,REZI,FER,MTZ,NE,BN,TLN,FSLY,CMI,SIMO,ZWS,MUR,OTEX,HD,BX,CIEN,EQX,WIX,AMKR,HL,EVR,CDE,KLAC,AVGO"
2025-09-17,88,"SNDK,WBD,LYFT,BIDU,RMBS,IONQ,PACS,GDS,OTF,CGON,BABA,SPHR,SA,ROIV,AMPX,TSLA,FSLY,BE,HYMC,SEI,PDD,BILI,QBTS,VNET,TNGX,MU,NIO,JD,PSN,AXTI,GLW,OKLO,PONY,PAGS,NWS,DHT,ASML,TKO,KYMR,STX,RVMD,ABBV,RGTI,ACMR,COCO,ALLY,CENX,SNPS,KLIC,PL,HUT,NTES,KTOS,GLXY,LAUR,BTU,CRC,CAT,LRCX,LI,ADBE,WDC,PFGC,WRD,DNTH,FOX,CAMT,FERG,CLSK,SOBO,PBA,REZI,FER,ENTG,MKSI,ITT,ONTO,OTEX,CIEN,NWSA,KC,WIX,AMKR,HL,PTCT,AMX,GME,RBA"
2025-09-18,100,"LYFT,IONQ,BIDU,SNDK,RGTI,CAMT,RMBS,OTF,FSLY,CGON,CLSK,PACS,QBTS,ONTO,TNGX,TSLA,ENTG,OKLO,AMPX,AXTI,SA,BILI,NKTR,KLIC,BE,CRWD,ASML,INTC,SEI,ADBE,SPHR,MARA,JD,FORM,MKSI,NIO,BEAM,WDC,KYMR,TKO,ACMR,STX,ROIV,RDN,EYE,GLW,PONY,PAGS,BTU,UCTT,CAT,AMKR,KLAC,AMAT,LRCX,ACLS,BABA,AVAV,HUT,MPWR,TAC,STLD,FERG,KTOS,CGAU,AAON,ALLY,CRC,CORT,NVO,SNPS,MU,WBD,JEF,LASR,PL,PUK,STRL,ERAS,FOLD,CRDO,ACM,MIR,BXP,GE,RDNT,SOBO,VSEC,CVI,REZI,TTMI,TSEM,STEP,SLDE,OTEX,CHRW,WIX,QS,NWS,APP"
2025-09-19,131,"RMBS,LYFT,PONY,SNDK,SEI,RGTI,IONQ,BIDU,OKLO,B,CLSK,ONTO,SMR,CRWD,RDN,QBTS,TNGX,INTC,MKSI,AMPX,FSLY,SA,ROIV,CAMT,FERG,BE,ASML,AXTI,HMY,ACMR,STX,REZI,ACM,KTOS,EYE,CORT,NWS,CDE,APP,WRD,SKE,WDC,KYMR,LEU,JD,CCJ,FORM,CGAU,BHF,LSCC,STEP,BTU,KLIC,AMAT,KVYO,NIO,ACLS,BEAM,FLNC,UUUU,MARA,CVLT,CGON,STRL,FOLD,NXE,PACS,BVN,AEIS,NKTR,PAGS,JXN,QRVO,CRC,CAT,OR,KLAC,LRCX,LASR,SOFI,AVAV,MPWR,TAC,STLD,GE,BILI,AAON,LMND,GTX,FNV,SLDE,RGLD,NWSA,SWKS,AXP,GOOG,GOOGL,TSLA,JOBY,CDNS,JEF,SPHR,BABA,PL,IREN,RYAN,GFI,SCCO,ERAS,PSN,CRDO,MIR,RDNT,IBRX,WYNN,AEM,CVI,GLW,TTMI,BN,UCTT,CM,BMNR,CIEN,EXK,CHRW,WIX,AMKR,QS,RBA,SNPS"
2025-09-22,140,"CLSK,SEI,FORM,RGTI,CAMT,BIDU,B,AXTI,PONY,QRVO,IONQ,OKLO,QBTS,STEP,ONTO,EXK,SWKS,FLNC,ACMR,RMBS,LYFT,HMY,CORT,AMAT,INTC,MKSI,SA,ROIV,FERG,CVI,LSCC,ES,BE,CRWD,SNDK,ACLS,CGAU,LEU,TER,FOLD,KTOS,AMPX,BHF,NKTR,WDAY,APP,LRCX,SOUN,OLED,KYMR,CIFR,REZI,RDN,AG,JBL,EYE,GPCR,SVM,BVN,COCO,JXN,KLIC,UCTT,TNGX,SKE,AMKR,CDE,SNPS,ASML,KVYO,JEF,BEAM,SMR,MDU,MARA,AEM,WDC,STRL,IREN,PACS,AEIS,SLDE,HOLX,CRUS,CAT,KLAC,AAPL,SBSW,WRD,NBIS,PTGX,AVAV,APLD,MPWR,IAG,TAC,CGON,SEDG,GTX,TTMI,BTU,RIVN,STX,GDS,VNET,LASR,NIO,INTU,PATH,PL,BABA,SSRM,EWTX,KGC,VERA,LUMN,NEM,GFI,PSLV,UMC,PSN,ADEA,MIR,FDX,GE,ACHC,SGHC,NVTS,AAON,ACIW,APH,UEC,TSEM,VG,PAGS,UBER,WIX,NWS,AXP,QQQ"
2025-09-23,142,"RGTI,CAMT,ACMR,PONY,CLSK,QBTS,AMAT,SA,OKLO,B,HMY,STEP,CXT,ONTO,EXK,ES,AXTI,BVN,IONQ,CORT,SNDK,MDU,SEI,CGAU,FORM,INTC,SRE,SOUN,FLNC,WELL,RMBS,JXN,SWKS,CRWD,ASTS,OR,OLED,LEU,MCK,AEM,NEM,TER,JBL,SVM,GTX,TTMI,BHF,LSCC,BIDU,WDAY,APP,MKSI,SBSW,TSM,AAUC,ROIV,STRL,RDN,AG,AMPX,BKD,EYE,LYFT,NKTR,COCO,QRVO,HOLX,CDE,LRCX,ONDS,JEF,ACLS,FOX,CIFR,UUUU,AVAV,FNV,KGC,KTOS,IMNM,NXE,IREN,UEC,AEIS,BTU,CRUS,CAT,KLAC,ASML,BE,PAAS,SMR,KYMR,NBIS,PTGX,PL,APLD,IAG,REZI,HAL,DTM,CEF,SLDE,STX,NSC,AMKR,AAPL,SNPS,AMGN,LASR,FOXA,AGI,INTU,LUMN,GFI,RPRX,WDC,PSLV,CAE,UMC,PRIM,FDX,ACHC,SGHC,CVI,GPCR,NVTS,AAON,ACIW,APH,IR,TSEM,KNTK,VG,KLIC,UCTT,ORI,QS,AMX,AXP,QQQ,MU"
2025-09-24,133,"FLNC,RGTI,CLSK,BVN,OKLO,B,CAMT,AXTI,STEP,ES,INTC,PONY,SCCO,IMNM,HMY,EWTX,ONTO,SA,SRE,MDU,MCK,AMAT,QBTS,ACMR,UEC,BHF,IONQ,CORT,XEL,ASTS,SNDK,OLED,SEI,CGAU,FORM,TER,RDN,BKD,IREN,SVM,COR,CXT,EXK,APP,SBSW,TSM,LEU,AG,ACHC,GPCR,BTU,SWKS,MKSI,ERO,AVAV,AAUC,NEM,LBRT,HAL,WDC,STRL,CAE,KTOS,TGB,EYE,PSX,NI,GTX,AROC,TTMI,LSCC,JXN,QRVO,VNET,NSC,KLAC,ASML,MU,SOUN,MRVL,PWR,NBIS,GDS,UNP,UMC,JBL,CIFR,AAON,HBM,AEIS,NKTR,SLDE,CF,RIVN,CRK,AMKR,CRWD,AAPL,SNPS,WRD,UUUU,LRCX,ONDS,ACLS,SMR,PL,IAG,GFI,UHS,PSLV,ERAS,RIOT,FOLD,NFG,FDX,DTM,CVI,BABA,RMBS,NXE,GIS,APH,WMB,LAUR,VG,CVE,UCTT,PTGX,ORI,CRUS,CDE,BKR,QQQ"
2025-09-25,100,"FLNC,BVN,BHF,SA,B,AXTI,PONY,SCCO,HMY,ES,RGTI,PSLV,ACMR,EXK,XEL,MDU,SNX,AG,PSX,IREN,OKLO,CLSK,SVM,UEC,ONTO,VNET,SBSW,SRE,MCK,IAG,TER,TGB,CXT,CRK,SEI,APP,UUUU,OR,BHP,NEM,LIF,HAL,GDS,WELL,NFG,KTOS,ACHC,AROC,LEU,CEF,BTU,NG,CDE,AAPL,ASTS,ONDS,QBTS,ERO,MRVL,FNV,VLO,EC,UNP,CAE,IMNM,HBM,WMB,JXN,CF,EVRG,WRD,SLDE,TSM,NBIS,CGAU,SSRM,AAUC,LBRT,IBM,PHYS,EQT,CAMT,DTM,BKD,CVI,BABA,RIO,NXE,GPCR,LAUR,SRRK,MPC,VG,PL,OLED,ORI,NSC,KC,KGS,BKR"
2025-09-26,109,"CRNX,CXT,SNX,IMNM,SRRK,FLNC,XEL,PSLV,ACMR,AXTI,AG,EXK,RGTI,INTC,IREN,BVN,CEF,VNET,SBSW,SA,B,SRE,EA,MCK,IAG,NFG,PSX,SVM,HBM,WMB,PPTA,ERO,LBRT,HAL,SCCO,VLO,TER,WELL,UNP,TALO,DTM,AROC,EWTX,DVN,KYMR,BIP,ES,CRK,KGS,COGT,SEI,ONDS,FSM,KGC,ERAS,EQT,FE,ETR,TGB,ROL,RRC,HMY,IRON,NOG,MPC,CVE,YUM,MUR,BKV,ORI,NG,GFS,UUUU,TSM,OR,MRVL,PONY,AGI,NBIS,TNGX,IBM,CLF,OGE,UHS,EGO,LHX,CAMT,ALB,BKD,BABA,NXE,GPCR,AM,LAUR,UEC,PRAX,VG,WRB,CF,L,ONTO,ATO,CRGY,NSC,BP,COP,PRVA,WFRD,CDE"
2025-09-29,93,"CRNX,CXT,XEL,EA,SNX,ERO,BVN,SCCO,PSLV,ERAS,TGB,ACMR,SRRK,SNDK,FLNC,SRE,IMNM,VNET,RGTI,INTC,MCK,CLSK,HBM,WMB,KYMR,BTU,NG,TECK,CSX,BHP,TNGX,HAL,NFG,FE,PSX,IREN,AEE,COR,OR,GFS,SA,NXE,UEC,ETSY,WELL,LHX,EQT,AG,ETR,DTM,SOBO,AROC,PONY,BKV,MDU,KGS,COGT,UUUU,ONDS,HMY,IAG,MRVL,SBSW,EXK,FSM,KGC,CENX,CLF,OGE,WEC,WDC,CAE,RIOT,UMC,GLXY,ROL,EXE,EYE,BABA,NI,KRMN,CNR,LAUR,MPC,WRB,PL,ATO,CNX,BIP,PPTA,JNJ,CRK,EVRG"
2025-09-30,84,"SCCO,CRNX,EA,ERO,XEL,PSLV,SNX,ERAS,TGB,UNFI,SNDK,GFS,NG,SA,BVN,FSM,WDC,FOX,FE,IMNM,HBM,SMTC,SLDE,MRVL,TECK,TNGX,GD,OGE,LHX,ROL,REYN,IREN,NTR,VEEV,KYMR,GMAB,OR,IAG,INTC,BHP,RTX,CENX,VIPS,EQT,GSK,NOC,SOBO,VERA,LNT,FLNC,COGT,SBSW,MAC,BTSG,SEE,ADPT,ABBV,RIOT,NFG,CGAU,BABA,HOOD,GPCR,PATH,AEE,IRON,KRMN,WMB,SRE,LAUR,EWTX,OMC,CEF,WRB,PL,BTU,CRH,VRDN,STX,PPTA,XENE,JNJ,TRP,EVRG"
2025-10-01,120,"EA,CRNX,UNFI,SA,SNDK,GSK,SNX,PFE,LW,WDC,PSLV,AES,AZN,NG,GMAB,BE,CENX,BMY,VIPS,MRK,ACMR,SMTC,STX,IAG,USAS,SNY,FSM,FLNC,KGC,ABBV,ERAS,FE,DHR,TMO,PCVX,OR,LRCX,AVAV,MAC,VRT,TFPM,TS,BTSG,ERO,SEE,ADPT,A,LHX,INGM,MIR,DELL,CGAU,RGEN,TECH,ARQT,JNJ,MT,NVS,AMGN,LEU,KTOS,BVN,INTC,PAAS,CIEN,BHP,AEM,EGO,LEVI,GD,PHYS,WELL,GRMN,AXTI,SBSW,IRON,F,CEF,RGLD,CRH,CTRE,LLY,BKV,NEE,ORA,BIIB,SLDE,SVM,SCCO,FCX,IBM,CLF,ETSY,EQT,ELAN,TD,BILI,GLXY,REYN,VTR,XPEV,CRL,KRMN,LAUR,FNV,KYMR,WAT,PL,BEP,BIP,WWD,VSCO,PPTA,RUN,PRVA,EVRG,AMRX,DDOG,GFS,MU"
2025-10-02,156,"EA,SNDK,UNFI,GSK,CRNX,PFE,FER,LW,AES,AZN,SA,WDC,GMAB,A,ERAS,PCVX,TECH,STX,ASTS,GFS,NG,AVAV,SNY,CENX,ETSY,MRK,SMTC,ARQT,BIIB,LRCX,BE,IAG,RGTI,SEI,ERO,VIPS,ABBV,PSLV,NKE,DELL,RGEN,NVTS,J,TMO,CRH,LLY,NVS,USAS,AMAT,BVN,AA,HOOD,FSM,CAMT,VRT,BMY,LEVI,SEE,AQN,PSN,BSY,INGM,FE,CGAU,SOBO,CRL,DHR,VEEV,USAR,JAZZ,NAMS,PL,BTU,DD,JNJ,OR,AMGN,ASML,AU,KTOS,INTC,MAC,NGD,MKSI,RL,COIN,KGC,IQV,GD,INSM,GRMN,MIR,REYN,F,PONY,SIMO,STLA,CRSP,RTO,COGT,AMRX,CAH,ORA,NVDA,AEP,MU,SVM,CRCL,SCCO,CIEN,CSX,SYM,FLNC,TFPM,QBTS,FORM,AVTR,BTSG,CLF,SPHR,SNX,APLD,ONDS,TD,BILI,GLXY,TWST,IBKR,MRNA,ACMR,SBSW,ICLR,IRON,KRMN,LAUR,AMTM,TTMI,TSEM,CEF,WAT,NBIS,LDOS,MTN,VRDN,VSCO,PPTA,ORI,RUN,CAT,CWEN,MT,LXP,EVRG,TEVA,CEG,DDOG"
2025-10-03,154,"UNFI,GMAB,SNDK,TECH,RGTI,PFE,FER,NG,GSK,AES,ACHR,USAR,LW,AZN,SA,WDC,PL,ASTS,AVAV,CLSK,DHR,TMO,GSAT,STX,ARQT,BIIB,RKLB,ETSY,A,ERAS,MRK,PCVX,BTU,STLA,LRCX,BE,SVM,SCCO,SNY,SHOP,ERO,DAWN,VIPS,PSLV,ONDS,BSY,RGEN,NVTS,PBA,QBTS,AMTM,SMTC,JAZZ,LLY,QS,EA,HOOD,COIN,VRT,AAUC,INSM,ABBV,AQN,TD,GLXY,IREN,J,CRL,MTN,BNL,ONTO,JNJ,CWEN,NVS,AMGN,MU,ASML,USAS,KTOS,HBM,OSCR,TSM,HUT,MKSI,SEI,TAC,IQV,TARS,PHYS,PSN,AXTI,CGAU,MGA,F,PONY,NBIS,CRH,CAT,TRP,RTO,NEE,COGT,ORA,CEG,NWG,IAG,AMAT,BRKR,CSX,AA,CURB,CAMT,FLNC,KGC,CENX,TFPM,AMPX,BMY,FORM,AVTR,LEVI,GD,SEE,APLD,GRMN,MKC,BILI,TWST,MRNA,ACMR,SOBO,REYN,BRSL,ERIC,CIFR,BIPC,KRMN,IVZ,TTMI,CEF,WAT,LDOS,SIMO,BEP,RUN,MDU,MT,LXP,EVRG,AMRX,BIDU,TEVA,AEP,GFS"
2025-10-06,164,"RGTI,UNFI,ACHR,AES,BSY,PATH,PFE,USAR,GMAB,FER,LW,AZN,NG,TAC,QBTS,ASTS,AVAV,GSK,AMTM,TMO,AMD,FLNC,IONQ,A,PSLV,ERAS,ONDS,MRK,CLSK,RGEN,SANM,SNDK,STLA,TECH,AEP,AMPX,MU,DELL,SVM,LRCX,TSM,TARS,FORM,RKLB,ASND,IREN,DHR,VRT,ESI,PCVX,NAMS,BNL,GSAT,SYM,LLY,AAOI,CWEN,NEE,QS,ORA,SMCI,BIIB,CAMT,MKSI,CEG,HUM,IPGP,APLD,AQN,CGAU,HXL,IMNM,GPCR,J,CRL,F,PL,ONTO,BEPC,PPTA,MT,NVS,COGT,AMGN,ASML,HUT,LUMN,OSCR,BRKR,ETR,KTOS,LOGI,INSM,VIPS,ABBV,WDC,PHYS,PSN,AAUC,TWST,PBA,SMTC,JAZZ,WAT,NBIS,LDOS,JNJ,RTO,NWG,SEI,SHOP,RCUS,AMAT,AG,BE,SNY,ALM,VKTX,AXTI,COIN,USAS,LUNR,IAG,BMY,ROIV,AVTR,IQV,BTSG,ERO,GD,MPWR,RIOT,UUUU,ADEA,VALE,TD,BILI,GLXY,PNW,MGA,AIG,NVTS,IRON,BIPC,TTMI,CEF,MTN,SLDE,BTU,BEP,CRH,TFPM,JBTM,FWONK,ELV,ORI,RUN,CAT,CINF,LXP,MDT,EVRG,AMRX,BIDU"
2025-10-07,104,"RGTI,ASTS,ACHR,USAR,AES,AVAV,ALM,AMD,NG,TAC,QBTS,BEP,AZN,FLNC,UNFI,ONDS,RKLB,CLSK,IREN,FER,CWEN,TMC,IONQ,ERAS,CIFR,SNDK,STLA,NEE,PYPL,AMPX,SEI,TARS,A,PSLV,DELL,NVTS,OSCR,PCVX,DX,SYM,PPTA,GMAB,ORA,AEP,BIIB,MU,RTO,GSK,QS,KTOS,CEG,SHEL,AQN,GLXY,AIG,PATH,SANM,TMO,PL,GSAT,BEPC,MT,HUT,SVM,LEU,FORM,LEVI,INSM,HUM,PTEN,BSY,AAUC,IMNM,PBA,BIPC,CNR,NBIS,NAMS,BTU,ELV,SMCI,LRCX,TSM,AXTI,CAMT,PHYS,APLD,RIOT,PFE,NOK,HBM,IVZ,SRE,VRT,LW,BIP,LLY,PCG,RUN,CORT,AAOI,CINF,DDOG,EXC"
2025-10-08,111,"RGTI,PATH,USAR,ASTS,RKLB,ACHR,QBTS,ALM,AMD,FER,AVAV,TAC,DELL,SANM,TMC,PYPL,PHYS,ONDS,KNX,CLSK,CIFR,CNR,TARS,SEM,IREN,PPTA,SEI,SVM,AA,ERO,PSLV,IMNM,ERAS,AG,NOK,SNDK,NEE,AEP,AAUC,HUT,RCUS,RTO,SNDR,LUNR,PI,KTOS,APGE,CLF,IPGP,DYN,NVTS,BIPC,HBM,OSCR,EL,CEF,PL,SYM,BEP,STLA,BEPC,GMAB,MT,CRSP,COGT,BVN,GILD,INSM,NOC,AIG,NBIS,DX,WTRG,PCG,CWEN,VRNS,ORA,AMPX,FLNC,SCCO,CEG,CGON,CAMT,NG,LMT,ACLX,HUM,APLD,RIOT,PTEN,GLXY,ANET,TEM,SBSW,NTR,SRE,VRT,UNFI,GSAT,TFPM,L,ATO,MBLY,SKE,ELV,AAOI,XYZ,AMKR,QS,PWR,EXC"
2025-10-09,84,"PATH,RGTI,CLSK,TMC,ACHR,USAR,ASTS,AMD,APGE,RKLB,IREN,ALM,TAC,SYRE,CNR,HYMC,IMNM,ERAS,DELL,CIFR,QBTS,SANM,AVAV,PYPL,RCUS,PSLV,SNDR,TARS,PHYS,AG,KNX,PPTA,NEE,HUT,SEI,CGON,CLF,ONDS,DYN,NOK,SVM,CEG,HPE,UUUU,SEM,NOC,ASND,IRON,PL,WTRG,BEPC,ORA,ARM,FLNC,VKTX,SCCO,AA,ERO,BKD,IONQ,LUNR,ACLX,INSM,APLD,RIOT,GLXY,ALB,ANET,GPCR,HBM,WULF,SUPN,UNFI,GSAT,SYM,ATO,SKE,MDU,AAOI,CWEN,MT,AMKR,COGT,EXC"
2025-10-10,54,"PATH,ALM,PPTA,AMD,APGE,CLSK,TMC,USAR,ASTS,SYRE,UUUU,PTGX,HYMC,PHYS,RGTI,IREN,CEF,NOK,TAC,RCI,CNR,FER,ACHR,ABVX,CLF,APLD,RKLB,CIFR,NAMS,AVAV,PSLV,NVTS,AG,SO,PEP,OKLO,RCUS,IMNM,CGON,RIOT,DELL,GLXY,CORZ,BIPC,HBM,WULF,SANM,VRT,ATO,SKE,MDU,NEE,HUT,EXC"
2025-10-13,79,"APGE,TMC,USAR,ALM,TAC,MP,UUUU,RGTI,NVTS,PATH,CNR,HYMC,ASTS,PHYS,CEF,PTGX,SKE,IREN,CIFR,PPTA,CLF,SYRE,RCUS,UEC,CENX,RCI,SEI,ARM,ABVX,NOK,DELL,TGB,CLSK,FER,OKLO,BE,HUT,CGON,BKD,APLD,HBM,VRT,EXK,QS,PEP,POWI,CEG,PSLV,CORZ,RKLB,DAL,QBTS,AA,NAMS,ERO,AG,AAUC,ALB,SO,HMY,IRON,BIPC,WULF,LEU,AEIS,AUGO,DX,TFPM,IONQ,PAAS,FLNC,CIEN,SA,BCE,MDU,AVAV,VSAT,HL,CDE"
2025-10-14,88,"NVTS,ALM,APGE,SYRE,MP,TAC,UUUU,RGTI,ERIC,HYMC,USAR,POWI,PHYS,CLSK,ASTS,ACI,NOK,CEF,PPTA,DBRG,PATH,CIFR,PTGX,CLF,ARM,CNR,ERO,DAL,TMC,OKLO,UEC,CENX,FLNC,SEI,QBTS,ABVX,LUNR,CEG,CGON,CORZ,CAT,APLD,FER,NAMS,BE,HUT,PSLV,IREN,IRON,VRT,QS,CDE,ORLA,BKD,NTST,RKLB,COKE,SO,SARO,GBDC,EXK,PEP,CCJ,SKE,FFIV,RIO,CMC,BTU,EQIX,AG,CAMT,PII,AAUC,ALB,TGB,HMY,HBM,WULF,LEU,AEIS,AUGO,TFPM,BEPC,CIEN,SA,VSAT,HL,DLTR"
2025-10-15,128,"NVTS,MP,SYRE,ALM,POWI,APGE,DBRG,APLD,UUUU,RGTI,HYMC,FLNC,SMR,TAC,CLSK,ERIC,PTGX,NOK,CEF,NAMS,ACI,QBTS,USAR,PPTA,ORLA,PHYS,ERO,PATH,OKLO,UEC,TNGX,ARM,ABVX,SKE,CORZ,CEG,RCUS,TMC,FER,IRON,BG,EXK,BE,HUT,PEP,EDU,NXT,PSLV,FIGS,DAL,IREN,CIFR,LEU,SNDK,ASX,SA,WMT,DOCN,KEP,NEM,FLEX,RIO,SIG,BKD,CAT,BTSG,MPWR,AMPX,PII,AAUC,COKE,SO,AUGO,WFC,RYTM,ASTS,RCI,CVS,QS,SEI,DLTR,CLF,CCJ,CGAU,NG,FLR,CLS,JEF,NTST,AG,CAMT,RKLB,PLD,ALB,FN,AEM,FR,SEDG,UL,DYN,J,HMY,BWXT,BIPC,HBM,OBDC,WULF,BLK,AEIS,RARE,FSM,VRT,KYMR,SYM,CENX,PAAS,BHP,CX,BEPC,CIEN,ADC,RUN,DUK,VSAT,HL,LASR,CDE,AMAT"
2025-10-16,112,"NVTS,FER,POWI,MP,PRAX,NOK,TAC,ERIC,JBHT,CEF,FLNC,PPTA,ACI,ORLA,APLD,BG,PTGX,EXK,ALM,SYRE,PHYS,UL,SKE,UUUU,HYMC,ASX,SA,ADC,CGAU,NEM,EGO,PSLV,RGLD,RCUS,AAUC,HMY,UEC,NAMS,PAAS,SMR,HL,BE,IAG,GFI,KGC,TFPM,AGI,FIGS,CAT,AEM,FR,KTB,SBSW,OKLO,SNDK,RYTM,TNGX,BEPC,DOCN,CDE,KEP,FLEX,VICR,SSRM,CORZ,DBRG,CEG,BOOT,APGE,PSO,MPWR,EXR,PII,GNRC,CIFR,BWXT,CUBE,PSA,QBTS,USAS,AUGO,FTS,BBVA,CENX,WMT,CVS,HUT,SEI,CCJ,ERO,CLS,AG,RGTI,CAMT,NGG,KNX,COKE,PLD,FN,RGEN,WULF,EL,LEU,AEIS,VRT,WFC,SYM,CX,CIEN,AMX,AMAT,MU"
2025-10-17,122,"NVTS,FR,IRON,PRAX,ERIC,JBHT,FLNC,ACI,SYRE,PHYS,BG,POWI,KEP,RCUS,UL,LBRT,ALM,DBRG,TAC,PII,FER,BBVA,ASX,EXK,PSO,BBY,REXR,KNX,PLD,HYMC,EL,AEIS,SNDK,TNGX,EDU,FIGS,MPWR,HDB,AHR,KTB,BKH,VRDN,BE,FLEX,VICR,SIG,VNT,CAT,CLS,RVMD,STAG,FN,VTR,NOK,CUBE,PSA,CEF,TRNO,BEP,RYTM,BEPC,ADC,WMT,DOCN,CVS,MU,NEM,BAC,VIAV,SHOO,BCE,BOOT,ROIV,JEF,NTST,RGTI,EXR,DYN,GNRC,BWXT,OKLO,IBN,USAS,IDYA,WFC,CENX,TXRH,CX,SMR,DLTR,ON,ALGM,MTSI,TAL,BURL,AXP,CMC,APGE,AVTR,MP,UUUU,CAMT,NGG,ITRI,AAUC,COKE,AEM,RACE,HMY,EPRT,BUD,OBDC,EIX,NSA,CIEN,SA,HPQ,HL,AMX,SEI,KDP,ASML"
2025-10-20,110,"NVTS,SYRE,PRAX,CELC,LBRT,FR,ERIC,IRON,JBHT,BBVA,CLF,PHYS,BG,ACI,J,ALM,KEP,KNX,PLD,FER,BKH,HOLX,AXP,REXR,UL,HYMC,ASX,DBRG,EDU,CEF,ROIV,BTSG,NOK,IDYA,FLNC,ADC,BEAM,VNT,FIGS,DYN,RVMD,NGG,NUVL,AHR,VTR,EIX,PSA,TRNO,SNDK,TAL,VRDN,RYTM,EXK,TBBB,AVA,LH,DNLI,AXSM,PSO,APLS,NEM,POWI,BAC,AAUC,EL,ADPT,ALGM,AEIS,CRUS,ALNY,STAG,JEF,NTST,DOC,HDB,GNRC,EPRT,BWXT,HR,NWE,NKTR,WFC,WMT,DOCN,CVS,LXP,PRVA,VICR,APGE,AVTR,CLS,NTRA,EXR,PII,COKE,RGEN,RIO,ARW,BUD,MS,CUBE,USAS,POR,WTRG,XENE,GH,CAT,CDE,AAPL,MU"
2025-10-21,85,"PRAX,IRON,HOLX,CELC,VICR,LBRT,GM,JBHT,RTX,BG,BBVA,NVTS,EDU,MMM,HAL,BTSG,FR,J,KO,SYRE,VRDN,F,KEP,KNX,EPRT,APLS,AXP,REXR,CCK,PLD,NUVL,FER,BKH,TAL,ASX,CMC,PSO,AVTR,VNT,FIGS,ROIV,RVMD,RCUS,CRM,DHR,STLA,IMNM,BEAM,LSTR,ALGM,AEIS,ON,JEF,HDB,TRNO,SNDK,BEP,AXSM,CPRI,APGE,IQV,NTRA,DOV,NGG,RGEN,MLI,ARW,CRL,BWXT,CHDN,IDYA,NWE,POR,BCRX,WTRG,WST,TBBB,LXP,AVA,AMX,DNLI,AAPL,ISRG,MU,WBD"
2025-10-22,54,"PRAX,HAL,VICR,IRON,CELC,GM,RTX,LBRT,HOLX,JBHT,MMM,BBVA,ISRG,PEGA,TNL,F,CCK,AXP,BTSG,AVY,BKH,KO,APLS,IQV,KEP,CURB,KNX,CHDN,TAL,BSX,TMO,DEO,JEF,CRM,PFSI,RGEN,WCN,CPRI,AVTR,SYK,RVMD,FR,MLI,HCA,SNN,CRL,APH,AEIS,POR,SNDK,COF,ASX,RCI,WBD"
2025-10-23,89,"HAL,RTX,LBRT,ISRG,MMM,VICR,PEGA,CELC,AVY,GM,IRON,RIG,CHDN,DOV,BTSG,HOLX,CRS,PTEN,HXL,NOK,GTX,TNL,AXP,CCK,WST,RTO,WFRD,HON,VAL,BC,PARR,APLS,SHEL,TLK,EPRT,LVS,TAL,WDS,BFH,F,SLB,CVI,DOW,PFSI,VSEC,APH,DINO,BKH,RCI,BSX,KO,HP,TEL,NOV,CB,INSW,RGEN,CRL,EQNR,PI,HCA,SWX,AA,NKTR,SNDK,COF,VFC,CMC,TMDX,FTI,CPRI,CSTM,BRX,FTDR,VLO,RVMD,NTRA,JEF,MPWR,MAT,SF,MLI,DHR,PRAX,POR,WRB,PBF,BKR,WBD"
2025-10-24,109,"ISRG,AVY,HAL,GM,CRS,VICR,PEGA,CELC,F,PTEN,NOK,CHDN,RIG,HXL,GTX,RTX,MMM,AXTI,AA,HOLX,IBM,TNL,BTSG,WU,FIX,RCI,VAL,BC,GD,CCK,LVS,SNDK,WST,RTO,WFRD,WDS,APLS,CSTM,SHEL,PFSI,LBRT,AAL,VFC,HON,HCA,TWST,LUMN,STLD,DOV,TEL,CB,CMC,TXG,CVI,DOW,CWK,SF,PI,TLK,VSEC,APH,SSL,BKH,TAL,ALB,BFH,HP,PARR,GH,KRMN,RGEN,CRL,TPC,INFY,IQV,HII,SWX,SLM,POR,WAT,EPAM,NWG,AVTR,NVT,SHOP,LITE,SNY,CURB,VIAV,STRL,MPWR,VIST,DAVE,IMO,MLI,EPRT,SSNC,DHR,GAP,BCS,NWE,VRT,NXT,SUPN,ECG,ZS,TBBB,CRWD,WBD"
2025-10-27,105,"AVY,GM,CRS,VIST,VICR,PEGA,NOK,GTX,ISRG,HAL,HXL,F,RIG,TNL,YPF,JHG,RTX,CHDN,IBM,BC,PTEN,AXTI,LVS,RCI,MMM,WU,FIX,DYN,LUMN,QCOM,WDS,HCA,VAL,BTSG,DOW,BCS,RTO,VFC,HOLX,NWG,WFRD,LITE,BBIO,GD,PFSI,SLM,WST,EPAM,RMBS,CB,SLB,CVI,CCK,EW,CURB,TLK,APH,LYG,SSL,AAL,EXEL,INCY,HON,DOV,BFH,TEL,PARR,NOV,ATI,RGEN,CSTM,SHEL,RY,STLD,SF,HAS,PI,HII,DAVE,AA,THC,SNDK,BL,FTI,RARE,CLMT,TEX,NVT,CLS,VIAV,MPWR,MAT,UGI,IMO,FER,DHR,GLNG,VRT,NXT,VSCO,FIVE,NBIX,ZS,TBBB,WBD"
2025-10-28,113,"VIST,WU,NOK,CRS,VICR,PEGA,DYN,LUMN,YPF,CCJ,HXL,GTX,IBM,TNL,AVY,W,NOV,BBIO,FIX,AXTI,ATI,LVS,BCS,ARQT,QCOM,ISRG,HCA,VAL,BC,CX,DOW,JHG,BEP,VOD,RCI,RTO,REGN,WDS,NWG,F,LITE,CLS,EW,MSCI,APH,BEPC,FTI,MAT,UPS,WGS,PFSI,CHDN,SNDK,WST,SHW,NVDA,RIG,VSEC,UHS,PARR,DHT,BL,INSW,CSTM,DAR,CVI,NVT,WFRD,NUE,VIAV,TS,HAS,PI,TGB,AHR,NXE,AA,SSL,AAL,CM,IMVT,INTC,HAL,ZIM,MSFT,HSBC,CLMT,TEX,BOOT,SHOP,GD,GM,STRL,MPWR,NUVL,HII,RIO,IMO,GAP,LBRT,IDYA,GLNG,VRT,NXT,QRVO,VSCO,FIVE,TIGO,PBF,PYPL,GOOG,QQQ,GOOGL"
2025-10-29,166,"VIST,WU,LUMN,CRS,NOK,GTX,BBIO,NOV,DYN,FLS,YPF,W,AXTI,HXL,CCJ,ARQT,FIX,ATI,LVS,IBM,RMBS,DAN,F,EW,LITE,NUE,AER,UPS,HAYW,SNDK,REGN,HCA,NVDA,SUPN,VAL,RIG,BL,CX,NVT,TER,HUBB,MIR,LBRT,BEP,STX,CAT,TMDX,REYN,DOV,UHS,NRG,CLS,VIAV,WDC,DOW,TS,STRL,RCUS,KEX,GSK,NUVL,JHG,ERIC,NXT,ITT,ASX,VSCO,BEPC,BE,AEP,LMND,CORZ,PRIM,TEL,BC,COHR,LRCX,TSEM,VSEC,HP,VICR,PWR,HRI,INSW,PLTR,BCS,XYL,VRT,FORM,DB,MPWR,CRDO,PTEN,PI,GLW,LOGI,AMRZ,COCO,CMI,WWD,RCI,QCOM,SITE,FTI,FUTU,SOFI,SCCO,MU,HSBC,BILI,TTMI,DHT,WVE,KRMN,ABVX,AVGO,WFRD,SPXC,STLD,HAS,ATMU,TGB,WCC,APH,IVZ,CHDN,AAL,QRVO,MTSI,CTSH,GOOG,QQQ,GOOGL,INTC,ZIM,MSFT,CARR,BKV,WHD,SLB,NET,SHOP,CAMT,JBL,FLEX,ETN,HII,VZ,GAP,IDYA,AEIS,THC,HWM,JCI,ROK,CIEN,FIVE,WST,IMVT,SWKS,GKOS,TPC,CRWD,KLAC,PYPL,PDD"
2025-10-30,123,"WU,VIAV,VIST,LUMN,EW,BL,FORM,BBIO,W,AXTI,NOK,FLS,YPF,CCJ,DYN,ARQT,GH,REGN,LOGI,HAYW,CALX,CHRW,AER,TER,KEX,HUBB,UPS,HII,PRM,WCC,OSW,CAH,HCA,REYN,INSM,ABVX,LITE,INDV,FIX,NOV,FTAI,ATI,ERIC,ITT,STX,CAT,GKOS,AEP,FOXA,CORZ,SUPN,TS,CLS,RCUS,MIR,GSK,EWTX,TT,ASX,MCW,IMVT,GOOG,GOOGL,LAUR,NVDA,F,GPCR,TSEM,UHS,WVE,CX,DB,VTR,GTX,SNDK,IBM,AME,BEPC,BE,QCOM,LMND,TEL,HSBC,BSBR,WHD,SCCO,NVT,ROIV,NUE,WDC,SIRI,MSCI,NXE,LBRT,AMRZ,BEP,QRVO,BKV,CTSH,MELI,INTC,DAN,FUTU,PWR,RARE,HRI,SQM,TMDX,VALE,STRL,DHT,FTV,JHG,GLW,NGD,IVZ,IDYA,THC,NXT,TAL,VSCO,ING,SWKS"
2025-10-31,123,"SPXC,BL,VIAV,FORM,YPF,KEX,GH,FLS,VIST,XPO,W,AXTI,DYN,LUMN,CALX,ARQT,CHRW,EW,BBIO,CCJ,UPS,WCC,AME,REGN,LOGI,INDV,TER,NET,HUBB,NVT,AMZN,WHD,RCUS,NOK,HAYW,ASX,BEPC,CAH,GKOS,TWLO,WVE,QCOM,ILMN,MEOH,TS,TSEM,INSM,GSAT,VALE,KEYS,AER,WDC,MSCI,NOV,HII,ERIC,TVTX,MCW,APG,SYM,ABVX,TTMI,LITE,MIR,CORZ,ATI,BFAM,EWTX,BHF,INCY,BKV,CAT,IMVT,CTSH,ZIM,TEL,GPCR,HRI,CX,ROIV,CLS,CRDO,WGS,VTR,OSW,TT,FSLR,LPLA,GOOG,GOOGL,LMND,NVDA,BSBR,UMC,DB,NUE,OMF,ITT,SNDK,BEP,ROKU,BE,SUPN,HSBC,UHS,SQM,DHT,INGM,IRTC,BKD,JHG,GLW,AHR,VZ,LBRT,GLNG,HWM,DXC,QRVO,VOD,VSCO,SWKS,CSCO"
2025-11-03,119,"FORM,VIAV,FLS,SPXC,AXTI,TERN,GH,INDV,KEX,AME,CALX,ARQT,CHRW,AMKR,CCJ,HUBB,CORZ,WCC,AMZN,ILMN,NOK,AER,TER,WDC,NET,LUMN,INCY,BEPC,IDXX,ROKU,W,NVT,ASX,BKV,BE,CAH,GKOS,TWLO,CTSH,REGN,LOGI,INSM,VALE,KEYS,RCUS,NOV,ERIC,HAYW,STX,SUPN,TS,LLY,MIR,XPO,UPS,HII,NGD,TTMI,GSAT,LPLA,MCW,CAT,AMRX,LEA,SQM,CX,CNX,CLS,DB,VTR,OSW,WHD,NVDA,TEL,GPCR,APG,PLTR,TSEM,CSCO,LQDA,OHI,MSCI,OMF,ITT,SNDK,WVE,DAN,SOFI,HSBC,MGA,MEOH,EW,ABVX,STRL,UMC,SYM,KEP,INGM,IRTC,BKD,AHR,ATI,BFAM,CIFR,BWXT,TVTX,VZ,MMSI,POR,HWM,BEP,TT,FSLR,SWKS,MFG,GOOG,GOOGL,MDB,MU"
2025-11-04,100,"HSIC,FLS,FORM,INDV,VIAV,TERN,EXPD,GH,IDXX,ILMN,ROL,SPXC,XPO,AXTI,CHRW,CAH,WCC,AME,SUPN,AER,TER,WDC,KEX,INCY,CALX,AMZN,OHI,BKV,LLY,CTRA,PAY,LQDA,SANM,ASX,CTSH,INSM,CNX,UNM,NET,EXAS,HII,PRM,VTR,HAYW,MMSI,LUMN,BHF,LPLA,AMKR,AMRX,GKOS,TWLO,AXS,AHR,TTMI,POR,LDOS,YUM,FSLR,ULS,BE,GPCR,BSBR,PRU,VALE,TSEM,ROIV,COMP,CORZ,OMF,NVT,ITT,SNDK,FWONK,MCW,CRK,WHD,PHG,LOGI,MGA,TS,COR,LEA,IRT,EXE,WTW,MCK,SIRI,BKD,BFAM,CIFR,TVTX,STRC,OSW,JBTM,CAT,GOOG,AEP,GOOGL,MDB"
2025-11-05,139,"DAWN,TERN,VIAV,HSIC,QLYS,EXPD,TDC,ILMN,ROL,INDV,SPXC,GH,IDXX,AXTI,LMND,INCY,LLY,FORM,OHI,PRM,CALX,TWLO,CWEN,EXAS,GSAT,AME,DOCN,TEVA,AMZN,MGA,VCYT,SANM,HG,AEIS,CHRW,CAH,NBIX,KEYS,CTRA,PAY,SIRI,COMP,OMF,KMT,VTR,YUM,FSLR,ASX,AMKR,AMRX,MAR,COR,IRT,AXS,WDC,LQDA,SHOO,KNF,CIFR,MMSI,JCI,LPLA,ORA,JKHY,INSM,AMGN,ROIV,KVUE,RPRX,AHR,IREN,NVT,BFAM,WCC,POR,RYAN,JBTM,AVA,LRN,SBRA,MCK,LITE,SEE,APO,NET,U,TOST,CORZ,CBOE,BSBR,STRC,WAT,WRB,SNDK,DXC,CHD,MTG,CTRE,RIVN,ULS,SPNT,CRK,FN,PHG,FOX,FOXA,STRL,STX,MEOH,ROKU,WING,APG,AON,SQM,WTW,UNM,EMN,CMS,DCI,CPT,HTHT,BWIN,VALE,XPO,COKE,BKD,TVTX,TTMI,TSEM,AUGO,BTI,FWONK,OS,ING,IAC,GOOG,GOOGL,MDB,MU"
2025-11-06,139,"DAWN,BHF,QLYS,TERN,TDC,FSLY,EXPD,IDXX,HSIC,LFST,ILMN,HCC,CTRA,SPXC,VCYT,KMT,DOCN,TEVA,LMND,VRDN,CWEN,NYT,LITE,EXAS,PLNT,HST,COHR,INCY,STE,AMZN,DDOG,NBIX,TRGP,SGI,AXTI,SANM,HG,SKY,RIVN,LLY,AMRX,MAR,SBRA,JKHY,KVUE,SEE,RPRX,HAE,PAY,COMP,KVYO,SHOO,PH,YUM,FSLR,LPLA,ULS,AMKR,ORA,CPAY,WING,COR,SU,WDC,OHI,OMF,EXE,CNK,APD,AEIS,PEN,PCOR,RYAN,JCI,BKV,AVA,MGA,CNR,AMGN,UNM,LB,KEYS,VIAV,LQDA,BWIN,KNF,AHR,BUD,BKH,NWE,POR,WAT,JBTM,GH,CRK,TWLO,TPL,BFAM,IMAX,STRC,MKSI,BTI,SNDK,ASX,MTSI,SPNT,MDU,QTWO,IAC,FN,LRN,CHYM,PTCT,CDP,AMCR,INDV,AR,ROIV,DCI,VALE,WMS,CHH,VTR,NVT,PFE,YETI,TVTX,CBOE,MMSI,RAL,AFG,CMI,DXC,PRU,MCK,ECG,EPAM,MDB,MU"
2025-11-07,151,"TDC,DAWN,QLYS,TERN,GMED,HAE,HSIC,AKAM,FSLY,EXPD,OS,IDXX,NYT,LFST,FROG,HST,OUT,HCC,CTRA,VCYT,KMT,LMND,PLNT,G,SKY,STE,EXPE,TEVA,LITE,KVYO,COHR,VRDN,DOCN,CRK,HASI,DDOG,H,SGI,PH,BHF,HG,BKH,PEN,YUM,JCI,MAR,AQN,KVUE,TRGP,SANM,RIVN,ORA,COR,UNM,SEE,PAY,COMP,SHOO,EXAS,APD,FIGS,YOU,IMAX,AEIS,CMI,ULS,INCY,QTWO,AVA,HLNE,CWEN,CHYM,SBRA,JKHY,SU,LB,GNL,AHR,NWE,POR,MTSI,AFL,PBR,MDU,AMKR,AMGN,EC,OHI,BWIN,EXE,YETI,MKSI,SNDK,TXNM,EXEL,JBTM,LAMR,LLY,SPNT,BKV,ATMU,NBIX,AMCR,MIAX,WING,TRP,KNF,AXTI,MGA,SN,BUD,AFG,BTI,PCOR,DBX,MU,PTCT,CNR,CNO,INDV,DK,EMN,SKT,SPHR,UHS,WELL,HTHT,EQT,WMS,CHH,CNK,VTR,PFE,LVS,TXG,ALKS,TAP,AXS,WAT,TRNO,MCK,PECO,ECG,AKR,EPAM,GH,CINF,D,CE,AMRX,LASR"
2025-11-10,173,"DAWN,HST,H,HAE,QLYS,FROG,AKAM,GMED,RIVN,LFST,FSLY,SKY,OS,TDC,STE,EXPE,SEDG,AQN,NYT,LITE,VCYT,TERN,COHR,EXPD,DOCN,HASI,COGT,TEVA,DDOG,TSEM,KMT,LMND,PH,BHF,G,EPAM,OUT,HCC,HSIC,SGI,XPEV,FIGS,PLNT,HG,BKH,VRDN,JCI,ROK,CRK,SU,SHOO,NWE,PEN,CHYM,CNK,APD,YOU,IMAX,MAR,SNDK,AXTI,HTHT,COR,LB,PAY,U,KVYO,KNF,BKD,FG,YETI,TXG,SANM,TJX,AEIS,CMI,MTSI,QTWO,AVA,CWEN,ATMU,BKV,SBRA,JKHY,CTRA,SEE,GTLS,SN,LYFT,ALKS,TXNM,EXEL,ULS,MDU,ORA,HLNE,AMCR,CCEP,AMGN,TRP,ROIV,COMP,COKE,TRGP,AHR,DTE,STRC,MKSI,POR,AXS,WAT,YUM,JBTM,LLY,ECG,PBR,LASR,AZN,PTCT,SMG,WING,CNO,BBVA,UNM,SPHR,OHI,BWIN,TPL,CHH,CME,IMO,MPLX,AFG,PCOR,GSAT,WES,CINF,BP,CE,ALMS,MU,CIEN,INSW,ALL,NBIX,HALO,DK,RVMD,SQM,WDC,EC,WELL,WMS,NOV,SGHC,DAVE,VTR,PFE,CBOE,NXT,TAP,BTI,ZETA,DD,MCK,PECO,LAMR,CNX,BIP,STX,SPNT,PBF,ORLY"
2025-11-11,211,"YETI,DAWN,AKAM,HAE,QLYS,FROG,KMT,GMED,OS,RIVN,LFST,XPEV,FIGS,HST,FSLY,TDC,STE,COGT,EXPE,SEDG,AQN,H,HCC,LMND,BKH,VRDN,HASI,TEVA,DDOG,OUT,TSEM,SU,LITE,PH,PLNT,COHR,G,SKY,ROK,EPAM,DOCN,NYT,SGI,VCYT,BHF,HG,NWE,SNDK,KVYO,LYFT,TXG,AEIS,PEN,CRK,LB,SHOO,FG,CNK,YOU,PCOR,EXEL,JCI,VOD,ETOR,MNST,AXTI,HTHT,ATMU,AMGN,CPRX,WK,CMI,GSAT,RUSHA,MTSI,QTWO,AVA,ALMS,BKV,CWEN,PTCT,TIGO,JKHY,CCEP,VIV,BSBR,CRGY,TDW,EC,TALO,GTLS,COKE,TRGP,BKD,VTRS,APD,DTE,TSN,INTA,BDX,IMAX,ALKS,POR,TXNM,LLY,ECG,DEO,PBR,MDU,LASR,AZN,SOLV,CHYM,AMBA,ABVX,APGE,COR,BBVA,TRP,SQM,FOUR,U,PCTY,BWIN,APG,SBRA,WMS,FNF,ENB,AHR,IMO,VERA,PFE,BUD,MPLX,RAL,TERN,MKSI,LAMR,STX,WES,LH,MAR,INSW,CPAY,AMCR,PR,BCE,MIAX,NWG,ITUB,GFI,KEP,CTRI,IAG,FDX,TPL,OVV,AAON,LYG,EWTX,USAS,AU,RRR,SAN,ZETA,EPD,CNX,DBX,AFL,WDS,BP,MU,HLNE,SMG,DVN,ALC,DNLI,HLN,DK,SHEL,VLO,APLE,RVMD,SPHR,XOM,VIPS,SNDX,WDC,WELL,GEN,EQT,NOV,EXE,SN,VTR,TRMD,TTE,WMB,CON,MRX,TAP,MUR,EXPD,BIP,SPNT,EQX,PBF,HL,CE,AMX"
2025-11-12,189,"HAE,YETI,AKAM,LFST,FROG,XPEV,FIGS,GMED,COGT,BKH,FSLY,EXPE,AQN,HST,NWE,DDOG,OUT,TSEM,HCC,CWAN,PH,BHF,G,VRDN,ROK,EPAM,SGI,PLNT,HASI,ETOR,SNDK,H,LYFT,TXG,BDX,AU,PEN,OS,STE,ALMS,LB,BKD,COHR,VOD,EQX,SU,CNTA,AXTI,HTHT,TIGO,DAWN,TRP,FOUR,WMS,WK,COKE,ALB,FG,VERA,PFE,ALC,YOU,RAL,NYT,CMI,CRK,QTWO,HL,CCEP,BKV,SOLV,ATMU,RIVN,PFG,SQM,ONON,KVYO,GTLS,CPRX,FNF,IMO,IMAX,POR,PCOR,TXNM,GSAT,LAMR,MTSI,LLY,AVA,AZN,INSW,DVN,LIVN,TDW,BBVA,SAN,RVMD,EC,QLYS,NGG,B,ENB,PCVX,PBR,MDU,LH,KHC,DKNG,HLNE,PR,PODD,MIAX,APGE,BSBR,HLN,NWG,LITE,AEG,GEN,MRK,TPG,TALO,TPL,KMT,APD,MPLX,LYG,EWTX,INTA,MKSI,RRR,ORLA,DIS,FTS,CM,SHC,CNX,RUSHA,DBX,DEO,BNS,MU,SEDG,ALL,CPAY,DNTH,DNLI,YUMC,FSK,DK,KEP,DB,NTRA,ABBV,WDC,NMR,EQT,FDX,APG,HUN,CME,EXE,MLYS,BK,DTE,TRMD,GS,CB,HALO,TTE,BCS,TSN,TERN,USAS,TTMI,TJX,HG,MRX,SOC,L,SKY,EPD,JKHY,DOCN,WDS,MT,PTCT,TEVA"
2025-11-13,123,"AKAM,FROG,GMED,COGT,TTEK,EXPE,OUT,FIGS,TSEM,AQN,SEE,XPEV,TXG,OS,HASI,CSCO,TDW,CWAN,MNST,CART,ONON,ALB,BKD,ALC,TSN,AU,POR,G,VOD,LH,ALMS,ETOR,AXTI,SOLV,HTHT,SNDK,TRP,SQM,COKE,FG,YETI,BDX,NYT,GSAT,CPRX,GTLS,B,FNF,ENB,BKH,RRR,DEO,CRK,KHC,BKV,APGE,VIV,YUMC,YOU,INTA,NWE,DVN,LLY,PBR,CLBT,CNTA,ATMU,FRSH,EQX,BSBR,SAN,RIVN,AEG,GEN,MRK,CME,IMO,VERA,TTE,EWTX,ORLA,ALL,LAMR,DBX,EPAM,JNJ,PAAS,ZIM,DNLI,RGLD,LIVN,HLN,DGX,KEP,SYK,RVMD,HAE,EC,TAK,ONDS,EQT,NGG,TALO,MFC,APG,EXE,IFF,LYFT,PFE,CB,HALO,TERN,BILL,TXNM,SHC,CNX,DG,MET,SU,HQY,BNS,VRTX,AMGN"
2025-11-14,98,"COGT,CSCO,TSEM,XPEV,SEE,TTEK,CWAN,EWTX,CNTA,ALMS,ETOR,HTHT,OUT,TDW,ONON,INTA,AXTI,SNDK,SMFG,APGE,SQM,COKE,ALB,ORI,BKV,B,BKD,SONY,SRRK,GSAT,NICE,CPRX,CART,RVMD,TAK,MRK,GTLS,VERA,FIGS,ALC,MPLX,AKAM,BDX,POR,KYMR,PCVX,LLY,CNQ,CLBT,LH,MFG,HQY,KHC,FRSH,VIV,BSBR,YUMC,LIVN,ET,PRMB,ENB,IMO,NYT,EPD,ATRO,JNJ,TRP,CRK,VRTX,BIIB,ZIM,TXG,DNLI,MUFG,KEP,HAE,EC,ONDS,MFC,APG,FG,SOLV,YETI,TTE,TERN,AU,ORLA,TXNM,VRDN,FRO,ALL,CM,VOD,EPAM,SU,CELC,GILD,MU"
2025-11-17,49,"JAZZ,SEE,SQM,CWAN,ASND,CSCO,CNTA,TTEK,PACS,EWTX,HYMC,ONON,BKV,ZIM,COKE,SRRK,ED,ALMS,SMFG,FIGS,APGE,EC,MRK,ALB,SOLV,JNJ,CLBT,KHC,OUT,ERAS,NUVL,ENB,PCVX,ORI,TIGO,ETOR,IMNM,BKD,ABVX,KEP,RVMD,ONDS,PRMB,SOBO,TERN,POR,KYMR,FTS,VRDN"
2025-11-18,42,"SEE,JAZZ,SQM,ALMS,CWAN,CNTA,CSCO,ASND,ONON,TTEK,HYMC,AS,ONDS,ALB,SRRK,ORI,MDT,PACS,ZIM,TERN,TIGO,CLBT,KHC,OUT,ENB,CNQ,JNJ,AAUC,BKD,B,PARR,ABVX,RVMD,ERAS,MRK,PRMB,SOBO,VTR,DNTH,ARQT,AXSM,BIIB"
2025-11-19,35,"PACS,ALMS,JAZZ,SEE,SQM,EXAS,CSCO,AS,ORI,ONDS,SRRK,TTEK,GPCR,JNJ,MDT,ASND,ABVX,ALB,NUVL,TERN,AMTM,ARQT,HYMC,ZIM,B,MRK,SOBO,DNTH,OUT,LTM,EAT,CNQ,WM,CLBT,BIIB"
2025-11-20,28,"PACS,EXAS,JAZZ,ALMS,SQM,ABVX,TBBB,AS,NUVL,SRRK,NTRA,AMTM,TJX,TERN,ARQT,JNJ,CWAN,DNTH,HYMC,ZIM,REGN,EWTX,ERAS,HNGE,VRDN,ORI,CNQ,WM"
2025-11-21,51,"PACS,JAZZ,EXAS,ALMS,MDT,TJX,ADPT,GOOGL,AS,NTRA,SQM,CWAN,NUVL,UGI,AMTM,GOOG,TBBB,REGN,INFY,SOLV,EAT,PCAR,ROST,ABVX,TNGX,RY,NJR,HNGE,ARQT,JNJ,LOW,ZIM,BRKR,VIK,TERN,RSG,KLIC,AXSM,GH,TXG,BKD,TMDX,LEN,WELL,ERAS,QGEN,VRDN,RUSHA,MMS,ORI,CDP"
2025-11-24,98,"EXAS,PACS,GLBE,NTRA,ALMS,ADPT,GOOG,GOOGL,MDT,ROST,ONDS,RVTY,LITE,AMTM,KLIC,CDP,TNGX,AS,IDXX,TXG,TJX,ABVX,WGS,VIK,UGI,MMS,TBBB,MRP,RCUS,LEN,SOLV,ADMA,TSN,HNGE,KYIV,LIVN,PCAR,GEHC,WSC,ZTO,COMP,BTSG,VCYT,BRKR,RL,A,MRK,OBDC,JAZZ,CMI,EAT,ARQT,JNJ,SNDX,MOD,COCO,NMR,REGN,TMDX,TARS,IRTC,INSM,NTES,CWK,CPRI,USFD,ALSN,LOW,BIIB,GH,TLK,AXTA,PODD,COGT,TERN,DNOW,RY,H,ARWR,FOLD,CWAN,SHOO,BKD,EYE,PNC,YETI,IONS,ECL,THC,COO,PEN,QGEN,VRDN,ALGN,ALHC,CIEN,ORI,MOH"
2025-11-25,170,"PACS,AMTM,EXAS,GEHC,KYIV,KLIC,GOOG,GOOGL,ROST,ADPT,VIK,LEN,ANF,RVTY,KEYS,NTRA,SEM,UGI,EAT,ALHC,ALMS,ZTO,TJX,ABVX,TMDX,TNGX,WGS,URBN,VCYT,USFD,THC,LIVN,WWD,LOW,ZIM,IDXX,TXG,GLBE,MRP,RCUS,LITE,HAS,SOLV,ADMA,MMS,WSC,COCO,WMT,REGN,RL,ARWR,A,CPT,MRK,CWK,CPRI,GAP,DE,COO,SYM,ALGN,ALSN,CDP,JLL,PCAR,COMP,RYAAY,M,BTSG,BRKR,HCA,DCI,ONDS,DAN,OC,PNC,NU,OBDC,TSN,ZM,HLT,CMI,VRDN,HUBG,JNJ,VFC,MDT,PTCT,OPCH,MAR,ADI,SNDX,MOD,NMR,TBBB,RKT,MT,SYRE,VLTO,FER,IRTC,MTH,H,INSM,ELAN,MAT,QSR,YETI,AMRZ,IONS,ECL,WAT,MGM,HNGE,JKHY,AMRX,CMC,GKOS,CTSH,BIIB,GH,XYZ,AMBA,AVGO,COGT,TERN,ROK,NN,ILMN,SYNA,EWTX,FSM,IQV,DHI,KEP,NTES,UHS,UNP,ERAS,RITM,FOLD,CWAN,USB,TALO,MFC,MTB,SHOO,LIF,CNC,HUN,TRV,NLY,RGEN,EYE,AGNC,PHM,CON,HG,NWE,SMTC,IEX,GMED,PEN,DX,QGEN,PRU,HSAI,SHC,LLY,ORI"
2025-11-26,199,"KLIC,LEN,PACS,URBN,EXAS,RVTY,KYIV,SYM,ROST,NMR,KEYS,ANF,WWD,PTCT,GEHC,ADPT,RCUS,ARWR,GAP,AMTM,USFD,ZIM,GOOGL,WSC,ZTO,WMT,SEM,UGI,LIVN,ALHC,ALMS,GOOG,ADI,GLBE,ABVX,REGN,AVGO,WGS,NU,PFSI,RL,NTRA,VCYT,TSN,COO,PCAR,TXG,COCO,TNGX,MRP,MTH,OGE,CPT,MRK,CWK,MAT,SOLV,AGNC,CPRI,ADMA,SMTC,DX,EAT,ALGN,VSCO,HUBG,MMS,ALSN,OPCH,SNDX,M,BTI,SYRE,ATRO,BTSG,NN,UAL,HCA,RY,VIK,DHI,KEP,DCI,A,DAN,OC,HAS,DAL,RYAAY,TPH,TJX,HG,NWE,HLT,MGM,KBH,VRDN,XENE,VFC,MDT,CMC,MAR,TBBB,RKT,FER,TGB,BRKR,IRTC,EWTX,LITE,H,UHS,WELL,RITM,LUV,MAA,ROAD,SHOO,NJR,CLSK,TMHC,NLY,QSR,IFF,VERA,ICLR,YETI,OSCR,ARR,PHM,WLK,IONS,BKH,WHR,THC,FBIN,CRH,BXMT,JKHY,JNJ,PPL,D,AMRX,BNS,JLL,CTSH,BIIB,COMP,FIVE,NDAQ,ILMN,LINE,IQV,NUE,RVMD,BIRK,UNP,ERAS,ONDS,FOLD,CWAN,ELAN,TALO,LTH,CNC,HUN,TRV,AAUC,EYE,FR,GNL,PNC,CLX,JBS,SWX,OBDC,ZM,AA,NVST,NTAP,BEAM,FSM,ECL,IEX,GMED,ASO,WAT,AKR,HIG,SWK,TKR,LOW,DG,HBAN,CDP,DNLI,TPC,IAC,IDXX"
2025-11-28,256,"KEYS,URBN,ANF,ROST,ARWR,LEN,RVTY,AMTM,LIVN,WWD,PTCT,SEM,AAUC,KLIC,ALHC,ZIM,ADI,GOOGL,GOOG,LYG,NU,AVGO,PFSI,LITE,ZTO,GAP,USFD,KYIV,SYM,NWG,BCS,PAAS,RL,VCYT,UGI,TSN,ZM,COO,GLBE,EAT,VSCO,XENE,GEHC,SVM,COCO,M,AMAT,TSEM,NMR,EGO,KGC,OGE,DAR,RCUS,DAN,MRK,OC,CWK,CNC,WGS,CLSK,RYAAY,ICLR,AGNC,CPRI,ADMA,RAL,FSM,CMBT,HLT,DX,MGM,ALGN,ATRO,EXK,ALSN,NN,MDT,AG,CVNA,COMP,RKT,BTI,SYRE,B,HL,PSLV,TNGX,SMFG,HCA,MTH,VIK,ERO,DHI,DCI,IAG,AR,HAS,DAL,GNL,IFF,VERA,NGD,YETI,OSCR,TPH,AMRZ,NTAP,IONS,NWE,THC,PUK,TXNM,HUBG,VFC,OPCH,CMC,NG,UAL,JLL,PCAR,IDXX,MAR,ADSK,SNDX,HMY,SBSW,WSC,RIG,MT,ESI,FER,LQDA,USAS,RY,BTSG,H,BBIO,AEG,RVMD,ADPT,UHS,WELL,UNP,RITM,LUV,AEO,ELAN,STLD,MAT,HUN,BMRN,TGB,TMHC,CGAU,NLY,DAVE,QSR,TMC,SOLV,ARR,PHM,AA,COHR,BKH,PAGS,FBIN,TMDX,KBH,CMI,STNE,CRH,BXMT,STLA,HSAI,BIP,SYF,AKR,HGV,AMRX,BNS,CTSH,BIIB,FIX,CRDO,VLTO,ALMS,MRP,SA,LINE,DKS,KEP,NUE,SPHR,A,AGI,TDS,FOLD,VALE,TALO,APG,SBRA,DELL,BC,SHOO,TD,LTH,IBRX,TRV,FN,HXL,EXP,RGEN,EYE,FR,LBTYA,SYNA,BRKR,CIFR,PACS,JBS,OBDC,BSBR,EWTX,HG,WLK,BEAM,SMTC,IEX,FNV,GMED,IHS,CEF,ASO,WAT,ORLA,WING,LNT,RGLD,TFPM,VRDN,SWK,EQX,TKR,GVA,NSC,CRK,DG,HBAN,GKOS,CDP,TKO,DNLI,IAC,AAPL,NFLX"
2025-12-01,130,"ANF,URBN,SYM,AAUC,AMTM,USFD,ADI,KEYS,ARWR,WWD,ALHC,LIVN,PAAS,ASH,NMR,ZTO,SEM,TSN,ZM,ZIM,ASML,USAS,SVM,LYG,BCS,TFPM,AMAT,PSLV,TSEM,NGD,EGO,KGC,MFG,RCUS,CLSK,VSCO,SBSW,NWG,AG,CVNA,COCO,ERO,M,MT,BTI,B,HL,NU,SMFG,LITE,RL,LEN,AEO,IAG,TGB,RVTY,HYMC,AMRZ,FSM,GLBE,EAT,EXK,SKE,NG,SYRE,SA,GIL,AVGO,INSM,OC,DAL,CGAU,RYAAY,VERA,ADMA,AA,THC,CEF,EQX,NN,ADSK,HMY,CHYM,WYNN,PFSI,LINE,NTES,DAR,HTHT,VALE,APG,HUN,WGS,NLY,ULTA,RKT,GNL,UGI,LYB,CIFR,PACS,YETI,JBS,OBDC,OSCR,AGNC,GAP,IVZ,IONS,NWE,IHS,ASO,CMBT,ORLA,TMDX,MGM,KYIV,KLIC,CRH,HSAI,WMT,ALSN,PTCT,CMC,TKO,IAC,BNS,FANG,MNST,NFLX"
2025-12-02,86,"ANF,URBN,MDB,AAUC,ZIM,WWD,AMTM,ADI,LYG,ASH,TSEM,ARWR,VERA,TMC,SYM,ASML,AG,ATMU,M,ING,BNS,KEYS,ATAT,SAIA,CTRI,ZM,VSCO,NWG,BCS,BTI,AMAT,PSLV,SMFG,ITUB,NU,MFG,LEN,PUK,KLIC,WMT,ADSK,INTC,SVM,PSTG,PAAS,MT,HL,NMR,DAR,GIL,ZTO,BA,SEM,VALE,ACN,ONTO,EXK,AMKR,NXPI,USAS,RY,KEP,RCUS,KNX,TGB,MSTR,NLY,ULTA,LYB,ICLR,HTGC,HYMC,BSBR,NTAP,CMBT,WING,MGM,LIVN,ALGN,ALHC,TBBB,TKO,IAC,FANG,TXN,NFLX"
2025-12-03,89,"MDB,AEO,AAUC,URBN,ARWR,VERA,MRVL,ASML,ASH,TSEM,SYNA,ATAT,SAIA,TMC,NXPI,AG,ATMU,VNOM,AMKR,MCHP,ADI,ON,PSLV,ITUB,SNDR,BNS,DKS,VALE,FIGS,BOX,CMBT,SNPS,VRTX,TXN,INTC,TER,SVM,LYG,BCS,PAAS,SMFG,TGB,NMR,SA,GIL,CTRI,SN,ACN,STM,VSCO,WMT,WHD,SLAB,ALMS,FANG,ODFL,TEVA,USAS,SBLK,FISV,RY,KBR,LEN,ONON,BA,RCUS,KNX,QXO,MSTR,OKE,C,CPRI,HYMC,APA,NE,EOG,CEF,PUK,KLIC,BCRX,ONTO,CNX,EPAM,TDW,COP,M,HP,AMAT,GFS"
2025-12-04,79,"MDB,AEO,SAIC,AAUC,DG,MCHP,SAIA,ASH,SYNA,ATAT,VNOM,PATH,STLA,NXPI,VERA,TMC,BKV,DSGX,ODFL,MRVL,SNDR,RY,KBR,VALE,CAI,BHP,AMKR,SNPS,SBLK,DCI,FIVE,SA,ITUB,GIL,TSEM,CHKP,CTRI,OII,TD,ACN,OKE,FIGS,BOX,OKTA,CM,EPAM,WMT,LSTR,WHD,ALMS,VRTX,ADI,NMR,BNS,ARWR,AER,SLB,USB,KNX,AL,MSTR,AXTI,ALK,MPLX,IVZ,HYMC,EOG,CMBT,KLIC,LTM,ONTO,STM,COP,CSTM,ZIM,SLAB,FANG,TXN,ON"
2025-12-05,93,"MDB,IOT,DG,ALMS,DBRG,AEO,ULTA,SAIC,VERA,SAIA,VSCO,RBRK,ASH,MCHP,ODFL,TD,PATH,TTAN,FIGS,FIVE,GIL,VNOM,COO,NXPI,LSCC,SNDR,SYNA,BNS,RY,SATS,ATAT,CAI,BKV,DSGX,WBD,STM,CRM,DKS,ARWR,ALK,IVZ,BOX,EL,KLIC,STLA,CM,AMKR,SNPS,DLTR,AAUC,ZTO,SBLK,MUFG,TSEM,KBR,CTRI,OII,OKTA,EPAM,COP,AVT,LSTR,SLAB,VRTX,TXN,MRVL,BMY,DASH,NMR,LITE,AER,KEY,SLB,UMC,LUV,KNX,HRL,ACN,OKE,ACAD,PRAX,NE,COHR,NOG,JBHT,BHP,JKHY,TDC,WMT,ALSN,LAZ,ADBE,GEHC"
2025-12-08,94,"CFLT,WVE,MDB,VERA,SATS,DBRG,PATH,DG,ALMS,IOT,GPCR,SAIC,ULTA,TTAN,KYMR,VSCO,RBRK,WBD,SAIA,TD,TERN,MCHP,SYNA,ARWR,FLEX,CRH,WRBY,FIVE,LSCC,RY,AEO,ALSN,SNDR,BNS,BA,OKTA,KLIC,DSGX,STM,CRM,CVNA,ALK,IMAX,BAH,STLA,CM,AMKR,LSTR,ODFL,DLTR,NXPI,SBLK,DCI,UBS,ACLX,SYRE,CTRI,LUV,AL,AXTI,GS,TMC,BOX,PRAX,RARE,MAIN,SLAB,GFS,ON,BMY,ALM,TSEM,LUNR,APGE,LITE,INDV,AER,U,OII,QXO,MRNA,C,IVZ,COHR,COO,LTM,CAI,CWST,ALGN,TDC,WMT,HE,TXN,MRVL"
2025-12-09,103,"WVE,SATS,DBRG,TTAN,CFLT,GPCR,PATH,VSCO,DG,WRBY,IOT,ALMS,AEO,ULTA,TERN,KYMR,RBRK,ARWR,SAIC,HE,WBD,FIVE,FLEX,CRM,ARES,IMAX,TFX,MCHP,VERA,RY,CVNA,TD,IVZ,DXC,CRH,AXTI,SNDR,KEY,FROG,ALK,SYNA,MC,COHR,BAH,CM,DSGX,DLTR,ALSN,LUNR,UBS,ACLX,SYRE,OII,TPG,VNOM,GS,PRAX,RARE,COO,EPAM,LSTR,BMY,AAUC,LSCC,APGE,LITE,MKTX,INDV,PFG,AER,APO,STT,U,CFG,AR,SF,FN,TRGP,HRL,MRNA,MIDD,FIGS,MS,C,ENTG,TRN,TTMI,MAIN,KKR,SLDE,KLIC,LTM,STLA,BX,JKHY,MTSI,BKV,WMT,NN,HPE,WFRD,FOXA,SLAB"
2025-12-10,122,"WRBY,SATS,WVE,DBRG,CFLT,GPCR,BRZE,WBD,ULTA,RBRK,DG,IOT,ALMS,TTAN,SAIC,TERN,KYMR,VSCO,HE,MIDD,FLEX,COO,CVNA,TD,CNM,ALSN,ARES,GEV,ARWR,PATH,IMAX,CRH,AXTI,DCI,CRM,RY,LUV,FROG,NVST,DXC,BAH,SAIL,DSGX,OPCH,RKLB,INDV,KEY,APO,HNI,ALK,FR,GLW,IVZ,OMC,CM,CIEN,SKE,TFX,FOXA,PSKY,AAOI,VERA,UBS,TPG,FN,CHYM,CNK,MC,PRAX,IHS,NYT,STZ,SLDE,ABVX,HUBG,ST,LNC,HPE,RRX,ODFL,FIVE,FIGS,APGE,LITE,MKTX,PFG,AER,VIAV,WDC,STT,U,CFG,FOX,USB,IRDM,SF,NDAQ,MRNA,SYNA,PNFP,BK,GS,TTMI,TJX,COHR,KKR,PEN,KLIC,PRU,LTM,CHWY,STLA,CWST,ASX,SYF,JKHY,TKR,FITB,LSTR,BNS,ABNB,DLTR"
2025-12-11,149,"WRBY,SATS,WVE,DBRG,CFLT,GPCR,TERN,CNM,BRZE,WBD,ULTA,VSCO,ALMS,FLEX,KYMR,PL,RBRK,MIDD,CVNA,MTN,ABVX,CIEN,ALSN,UBS,TTAN,COO,CRH,RYTM,CWST,AXTI,ARWR,TD,ARES,OMC,TKR,ALLY,IOT,NTSK,LUV,FROG,GLW,NVST,USAS,ASO,SAIL,HUBG,TFX,OPCH,AAOI,JBTM,V,RKLB,INDV,ACLX,KEY,APO,TPG,MRNA,RYAAY,AIG,ATI,CB,AMRZ,SLDE,PAAS,WY,SKE,LNC,DG,GEV,FOXA,HE,RBA,ULS,CMC,VERA,RY,MKTX,PFG,EGO,PRIM,CHYM,BMO,BK,PNC,GS,TSN,PRAX,WPP,NYT,STZ,KKR,DXC,PRU,ELV,GVA,ST,FITB,ADBE,DLTR,NMR,AVGO,HSBC,FIGS,PSO,LITE,AS,VIAV,WDC,STT,PSLV,U,GL,SEZL,CFG,DOV,ABM,HNI,MTB,SF,NDAQ,FN,VTRS,FG,ALK,FR,CNK,RIO,SYNA,PNFP,NTRS,IVZ,TJX,COHR,WLK,PEN,JXN,TXNM,MTG,ASX,RUSHA,SYF,AMP,FFIV,WMT,JNJ,BNS,ABNB,ODFL"
2025-12-12,112,"CFLT,WVE,GPCR,MTN,WRBY,MIDD,SATS,PL,CNM,AIG,TERN,KYMR,CRH,WBD,FLEX,LULU,CVNA,RYTM,CWST,BRZE,ALSN,YOU,AXTI,INDV,CAE,LUV,FROG,SAIL,OPCH,JBTM,HSBC,EGO,V,RKLB,MKTX,ARWR,COLD,ASND,ATI,ARES,HST,NVST,USAS,OMC,KFY,ASO,TXNM,WY,CIEN,TFX,HE,ALLY,BVN,SKE,PSO,AUGO,MT,NCLH,RGLD,PAAS,UBS,ACLX,SEZL,TPG,WU,TD,RYAAY,MOS,PNC,CB,HYMC,WPP,LEA,SLDE,DXC,MMYT,ELV,GVA,JNJ,MA,IMVT,FITB,PSKY,NMR,LFST,ULS,TTC,ROIV,KEY,APO,GL,CFG,PRIM,CNK,RIO,PNFP,GCMG,TSN,AMRZ,WLK,NYT,TAP,AXS,JXN,PRU,RH,VSCO,SPNT,TKR,COGT,GEV,FOXA"
2025-12-15,130,"MTN,AIG,PL,SATS,BRZE,LULU,WRBY,MIDD,CNO,BALL,NCLH,LUV,ABM,YOU,RYTM,CNM,HIG,PAAS,JBTM,MKTX,RCL,AEO,CFLT,IMNM,HST,NVST,OMC,LEA,MMYT,TFX,KRG,ABNB,NMR,HSBC,YUM,WBD,EGO,LAUR,V,VOYA,COLD,FOLD,ACGL,TD,AAUC,FRT,ARES,INGR,CB,CRBG,TSN,USAS,KFY,TXNM,CRH,SKE,JNJ,MA,HL,OPCH,GEV,BVN,PSLV,NEM,PSO,AUGO,WPM,RGLD,SIGI,GLPI,APLE,WH,ANF,TPG,MAC,RYAAY,PNC,ATI,UE,AXTA,RTX,HYMC,ASO,AXS,DXC,MTG,HMC,SMG,CIEN,ELV,GVA,FITB,ALLY,AXTI,SVM,LNC,RIVN,ROIV,BRX,UNM,GL,PK,CFG,ESNT,MFC,EXR,CPRX,FG,BMO,RIO,MCD,BUD,GCMG,AMRZ,BDX,HG,JXN,ABVX,PRU,BXMT,RH,WY,HUBG,TKR,AAOI,SLF,LIN,ROST,ODFL,DLTR"
2025-12-16,97,"PL,AIG,LULU,CNO,RYTM,MIDD,LUV,IMNM,MTN,BRZE,ROIV,SATS,BALL,IMVT,JBTM,NCLH,UBS,LAUR,RCL,FOLD,GIL,WRBY,OMC,LEA,MMYT,GVA,HSBC,V,GLPI,WH,AEO,CPRX,ASND,CRBG,FER,YOU,RH,HUBG,MA,GEV,CMCSA,NMR,SEZL,YUM,BMY,COLD,RDN,CHH,ATI,INGR,AXTA,BUD,CUK,HYMC,RRR,TAP,AXS,MTG,SMG,JNJ,WM,TKO,RBA,AG,SVM,LNC,PSO,EGO,TSLA,ERAS,WLK,UNM,VOYA,SIGI,GL,ESNT,MFC,MGA,RYAAY,MCD,AVPT,CCL,SFD,HST,NVST,AMRZ,FISV,TXNM,PRU,WY,BFH,MMS,ALSN,HL,LIN,ROST,DLTR"
2025-12-17,69,"LULU,ROIV,ABM,BALL,PL,GLPI,TTC,MTN,IMVT,AIG,RYTM,RH,UBS,CCK,FOLD,CB,BUD,CNO,HIG,LUV,V,NCLH,WH,CPT,CCC,GIL,CHH,AXTA,HYMC,FISV,RRR,PECO,ALHC,TKO,MAR,CMCSA,YUM,RLI,RCL,ESNT,ACGL,HLT,MMYT,SVM,ERAS,GIS,LNTH,RGLD,SIGI,SQM,CPRX,FRT,NJR,NTR,YOU,KT,OMC,AXS,MIAX,SMG,WTW,BFH,SLF,DRI,WM,DG,HL,KRG,LIN"
2025-12-18,43,"LULU,DJT,GLPI,FOLD,BALL,RIVN,RH,DRI,UBS,TTC,HYMC,SOC,CNO,PECO,ALM,INFY,CCC,CMCSA,RGLD,CPT,NYT,SBUX,BROS,TSLA,AUGO,SUZ,BMY,LNTH,CCK,SQM,RLI,AQN,LFST,TXT,NJR,SHAK,MGA,IMNM,AIG,HG,MIAX,HUBG,DG"
2025-12-19,64,"FOLD,BMRN,DJT,INFY,CUK,MIRM,IMNM,CNO,CMCSA,UBS,LUNR,RIVN,HEI,CPT,TTC,LFST,HYMC,KRMN,ALM,PUK,RLI,TAK,NYT,ORLA,PECO,DRI,AFRM,FDX,BALL,MRNA,ARR,SOC,CTSH,LRCX,PL,BROS,TSLA,BMY,HCC,ALNY,SQM,AEO,ESNT,TXT,PI,MGA,MLI,CB,HG,AUGO,LGN,RRR,MIAX,RGLD,JCI,ALHC,HIG,BFH,DG,TKO,TWLO,LULU,ABNB,MU"
2025-12-22,93,"FOLD,HYMC,CWAN,BMRN,TTC,LUNR,CUK,DJT,MIRM,INFY,ADEA,RKLB,ORLA,HEI,KRMN,MIAX,UBS,AAUC,SLDE,HL,MU,RLI,TDS,LFST,FDX,SPGI,ABVX,HUT,FLY,AFRM,WT,CPT,NDAQ,MRNA,NLY,MLI,NTNX,AA,NYT,SCHW,ASTS,AAOI,JHG,PL,PONY,ALNY,CENX,MCO,CAE,KVYO,SPSC,HII,AGNC,QBTS,INTA,SOC,HWM,DRI,CTSH,LRCX,CMCSA,VICR,RIVN,BROS,LITE,HCC,SQM,TAK,ESNT,TXT,AG,MGA,RIO,RYAAY,NGD,SBSW,SVM,C,CCL,GWRE,AU,AUGO,LGN,RRR,PUK,RGLD,EXEL,ULS,SMG,BFH,DG,IMVT,TWLO"
2025-12-23,86,"TTC,LUNR,BMRN,HYMC,FOLD,HEI,ADEA,CWAN,CUK,DJT,SOC,MIRM,FLY,KRMN,RKLB,HUT,MIAX,MU,AAOI,AAUC,INFY,NDAQ,ORLA,HL,PSLV,TAK,CAE,FDX,JBL,C,ASTS,JHG,RIVN,BVN,LITE,WT,TDS,LFST,TXT,SPGI,MLI,NYT,SCHW,TRP,PL,HSBC,CEF,CENX,SUZ,MCO,MRK,KVYO,HII,RIO,AGNC,AA,HWM,LRCX,VICR,CAVA,PRIM,ALNY,BROS,UBS,PHYS,HCC,SQM,AG,GE,MRNA,MGA,FCX,RYAAY,NGD,SBSW,TTE,LKQ,AU,AUGO,PUK,SLDE,RGLD,EXEL,CWST,AMRX,ZIM"
2025-12-24,82,"LUNR,BMRN,HYMC,HEI,FOLD,ADEA,CWAN,DJT,SOC,FLY,EWTX,RKLB,CUK,MIRM,KRMN,AAOI,LRCX,TAK,MLI,ORLA,ABVX,MU,PL,AAUC,CAE,GE,C,HWM,HUT,PSLV,JHG,RIVN,BVN,CENX,INFY,LITE,FDX,NDAQ,HII,MIAX,SPHR,CAVA,DAVE,DB,MRK,NLY,TVTX,AA,SCHW,WWD,ASTS,NVO,BNS,KLAC,FIGR,PRIM,FIX,VICR,SUZ,KTOS,UBS,PHYS,RY,WT,LFST,TD,MRNA,FCX,VSEC,RIO,RYAAY,NGD,SBSW,SARO,AGNC,AU,AUGO,PUK,EXEL,CWST,HL,ZIM"
2025-12-26,53,"LUNR,BMRN,HYMC,FOLD,ADEA,EWTX,PSLV,CWAN,CUK,MIRM,ABVX,HL,HEI,CEF,MLI,HUT,JHG,FCX,TAK,HII,C,CPNG,FLY,RKLB,AAOI,AUGO,CENX,CAE,MRK,NDAQ,SPGI,USAS,GVA,NVO,ZETA,BVN,AAUC,VICR,PHYS,AG,JBL,RIO,RYAAY,NGD,SBSW,TVTX,KRMN,VAC,AU,SCHW,ZIM,BNS,MU"
2025-12-29,20,"HYMC,ADEA,PSLV,CWAN,LUNR,OTF,ABVX,JHG,TAK,TDS,IRT,PL,CEF,DBRG,MAA,TVTX,PRAX,ZIM,HE,MU"
2025-12-30,11,"PSLV,FTAI,UAA,FG,UA,CEF,ERO,OTF,DBRG,PRAX,ZIM"
2025-12-31,9,"OTF,AXSM,UA,LXP,FTAI,NKE,ERO,DBRG,PRAX"
2026-01-02,18,"AXSM,UAA,PSLV,UA,BIDU,FTAI,LXP,ASML,TSM,ERO,DBRG,NTES,LUNR,GDS,EQNR,AXTI,TTE,SU"
2026-01-05,64,"FTAI,AXSM,OTF,UA,UAA,CVX,BIDU,ASML,ONDS,SLB,PTEN,VICR,LUNR,HAL,NOV,AMKR,COP,WFRD,HP,XOM,EC,BILI,ALHC,AVAV,LXP,WHD,BNS,AMAT,UUUU,TSM,FTI,ERO,ONTO,NXE,KLIC,AA,FIGR,DBRG,KTOS,AXTI,TMO,CAMT,UCTT,SDRL,HYMC,CNC,ZETA,KBR,VLO,APLD,VSEC,DRS,PSX,NU,SON,TTE,AGNC,DX,PAA,RH,MBLY,HUT,PAGP,BKR"
2026-01-06,164,"FTAI,UA,UAA,AXTI,ALMS,VICR,OS,AXSM,MBLY,ASML,CAMT,QXO,FIGR,PSLV,AMKR,ONDS,UCTT,SLB,RKLB,ZETA,AVAV,BIDU,LRCX,ERO,KLIC,AA,SYNA,VALE,ACLS,BHP,TRN,TMO,SNDK,RH,DRI,LXP,WHD,WFRD,MCHP,ACMR,AMAT,ON,BC,KLAC,MU,TSM,FCX,ONTO,WDC,CNC,ALGM,LSCC,KRMN,PDD,ASTS,ALHC,HAL,GD,LMT,PTEN,BILI,VSEC,NVTS,SBSW,HLNE,SIMO,MEOH,TXN,ASX,LEU,SDRL,FTI,SCCO,NXE,TER,MKSI,AMBA,HL,MFG,HBM,STX,ENTG,EMR,EC,HEI,CFG,KTOS,NLY,DRS,RIO,GS,BRKR,AGNC,CG,MMSI,CAKE,BN,ASO,STEP,OSK,STM,ELV,EVR,HE,SLAB,NXPI,USAR,UUUU,UEC,SA,CEF,AG,LUNR,FLR,SHAK,BVN,POWI,BWXT,TEVA,IQV,BTSG,WT,SAIA,NTRA,SQM,A,AES,LHX,TPG,FDX,RF,HAS,URI,IBKR,NU,SON,ICLR,TROW,OKLO,MC,ARR,NVST,BDX,LDOS,DX,RGLD,COF,TECH,HSAI,SHC,SMR,BFH,SWK,SEIC,FIVE,VSAT,RRX,FITB,UNH,HUT,HP,BKR,ADI,DLTR"
2026-01-07,162,"AXTI,ERAS,SIMO,ALMS,VICR,OS,MBLY,AXSM,UCTT,FIGR,FTAI,AMKR,ASML,UAA,COMP,UMC,CRNX,AVAV,CAMT,LRCX,QXO,UA,KLIC,KRMN,VLO,RVMD,NVTS,HALO,SNDK,ON,BC,ONDS,FCX,AA,SLB,VALE,VSEC,TMO,ZETA,TXRH,RH,INCY,TNGX,DRI,LXP,WHD,MCHP,ACMR,AMAT,DHT,INSW,LEU,MU,ALB,SCCO,ONTO,NXE,CNC,ALGM,SYNA,BHP,KEX,KTOS,BILI,BRKR,HLNE,ESI,OSK,CAVA,WFRD,BIDU,KLAC,ASX,UUUU,AG,IBN,TSM,FTI,TCOM,MKSI,SHAK,MFG,PI,LSCC,PDD,POWI,ALHC,IQV,RPRX,NTRA,SQM,HEI,FDX,TWST,DRS,RIO,TRMD,GS,OKLO,CAKE,IDYA,ASO,STEP,HSAI,SMR,KSPI,SEIC,EVR,SNPS,VRTX,USAR,LUNR,PONY,HL,BVN,CMBT,VSH,TEVA,BWXT,ENTG,OKTA,HAL,GDS,ETSY,PSLV,EC,MP,MAT,RF,HAS,RKLB,IBKR,ULTA,SBSW,ICLR,AGNC,ARR,CVX,TXG,TRN,MTZ,USAS,LDOS,DX,JXN,BNL,RGLD,MEOH,TECH,SHC,STM,BEN,BFH,FIVE,PBF,HUT,MRCY,JLL,ADI,NXPI,BIIB,ILMN"
2026-01-08,276,"UCTT,ERAS,VLO,AXTI,UA,FIGR,COMP,VICR,SIMO,OS,AVAV,ALMS,HAL,GDS,LMT,RVMD,SLB,AMKR,CMBT,QXO,UAA,MRCY,CRNX,FTAI,KRMN,TRN,ZETA,RH,ASML,BC,INSW,ATRO,KLIC,ONDS,PTEN,BILI,CVX,HSAI,DRI,WHD,CAMT,ACMR,DHT,LRCX,SCCO,UMC,LHX,KTOS,VSEC,DRS,NVTS,SNDK,WFRD,ON,VNET,FTI,ERO,BVN,AA,ALGM,AGCO,KEX,VALE,FDX,NOV,CHH,HII,TRMD,DE,HLNE,STEP,FBIN,OSK,MEOH,FRO,TXRH,SMR,PBF,MCHP,GAP,MU,MMS,ONTO,TCOM,CNC,SHAK,MFG,SYNA,PDD,ENTG,TXT,IQV,EMR,EC,APLD,HEI,HTHT,RITM,TTC,CPAY,KNX,MAT,APAM,URI,NLY,RIO,PNC,BRKR,TROW,OKLO,GGG,BG,MMSI,TMO,ASO,JXN,HRI,LTM,RGLD,ALGN,CAVA,SWK,SEIC,BE,FITB,SLAB,CDP,HP,BIDU,TXN,AMAT,KLAC,UUUU,UEC,IBN,LUNR,FCX,GD,RELX,NXE,PONY,MKSI,CORT,LSCC,B,WRBY,VSH,VSCO,NMR,POWI,WSM,LOW,OKTA,BHP,TGT,SQM,DOW,CFG,CAE,DAN,USB,CC,MTB,SHOO,RF,HAS,PII,HUN,ADM,NOC,PSX,MLI,GS,SON,SARO,HALO,YETI,SAIC,F,NTRS,AGNC,IVZ,CG,BEKE,NVST,CAKE,FNV,LEA,BNL,PRU,EAT,BEN,MBLY,TNGX,BFH,KSPI,TKR,CTVA,APTV,HBAN,LSTR,EVR,HE,SNPS,PCAR,ADI,USAR,NVO,ALB,SATS,TPL,BWXT,PI,ACLS,STZ,TEVA,LOAR,KBR,XOM,EMN,DKS,VOYA,ARMK,APLE,KGC,SAIA,TAK,EDU,PRDO,MP,WPC,OII,MUFG,BWA,UPS,RKLB,IBKR,ULTA,SN,TFC,PNFP,CRL,EWBC,WBS,MC,UPST,VCTR,GNTX,ARR,LKQ,BDX,USAS,MAS,MPC,JBHT,GMED,DX,NSA,COF,SHC,SYF,PHG,HUBG,EPAM,ELV,COP,SU,KRG,HUT,BKR,ROST,ODFL,GEHC,NXPI,BIIB,ILMN"
2026-01-09,269,"ERAS,COMP,OS,LMT,RVMD,KTOS,ALMS,AXTI,UCTT,VLO,CGON,SLB,KRMN,SIMO,AVAV,FIGR,VICR,ZETA,CMBT,INSW,ATRO,TNGX,HAL,APLD,CRNX,DRS,CVX,QXO,SCCO,MRCY,SITE,MTH,UMC,LHX,FTAI,TMHC,NOC,RPM,TPH,SNDK,FRO,AMKR,WHD,DHT,BC,GAP,RELX,LRCX,PSLV,WY,DRI,WFRD,ASML,INTC,RKT,AG,FCX,MMS,BVN,AA,AMAT,TOL,BLDR,AVNT,BRKR,TXT,KEX,RITM,TTC,FDX,PFSI,CHH,VSEC,HII,TRMD,BG,ENTG,TXG,HLNE,STEP,FBIN,NSA,KLIC,APTV,HE,MCHP,ON,SHC,CAMT,EXK,UA,ONTO,TPL,BILI,CNC,SHAK,HL,MFG,ALGM,AGNC,ACMR,VSCO,NMR,LOW,COST,AEM,IQV,EC,HEI,VALE,CPAY,KNX,LPX,CUBE,OSCR,PHM,LKQ,CAKE,TMO,IDYA,WLK,WHR,RYN,JXN,OSK,RGLD,MEOH,HSAI,BEN,ALGN,HD,RH,PHG,CAVA,MCW,PBF,BE,CDP,CL,UAA,FLY,SATS,KLAC,CDE,DCI,B,FND,KMX,MCO,SYK,ARMK,SQM,JHX,CHKP,ONDS,PRDO,MUFG,EXR,CC,LTH,APAM,HUN,EXP,PSX,MLI,NGD,SON,OKLO,SAIC,VCTR,CBOE,GGG,IVZ,NVST,POOL,USAS,IR,MLM,FNV,ESI,LDOS,HRI,TXRH,TECH,SKY,MBLY,SMR,HUBG,SWK,SEIC,MIRM,LSTR,OR,VMC,SHW,RBA,SNPS,TXN,ADI,STNG,NVO,ALB,LEN,MU,BWXT,RTX,DHI,SYNA,KBH,TEVA,GDS,TDS,VNET,XOM,OKTA,BUD,UBS,WT,AGCO,VVV,EMR,KGC,AXON,TAK,PK,AGI,CAE,EQIX,LUNR,IRM,MFC,APG,UPS,KNF,URI,SPGI,NOV,PNC,CRL,SOLV,YETI,NTRS,XRAY,PSA,CG,LEU,SCI,MAS,GMED,NATL,BAH,CX,BFH,KSPI,TKR,GMAB,MHK,WES,ALSN,SU,JLL,AZN,MELI,PCAR,HON,ODFL,NXPI,BIIB,ILMN"
2026-01-12,195,"ALMS,RVMD,ERAS,CGON,KTOS,OS,CMBT,AXTI,SCCO,LMT,PSLV,COMP,SIMO,ATRO,GDS,INSW,FND,LHX,KRMN,UCTT,AVAV,MRCY,TOL,MTH,APLD,UMC,RPM,TPH,FBIN,SNDK,FRO,HL,DHT,BC,BILI,DAWN,AG,BVN,NSA,MTSI,DRI,KC,MIRM,CEF,SATS,FCX,SITE,SHAK,STZ,TNGX,LOW,AVNT,COST,BUD,SQM,TTC,ET,ALB,DRS,HII,TRMD,CBOE,PHM,USAS,BEAM,HD,WY,CSTM,CDP,CL,RGLD,MMS,UA,KGC,AEM,DHI,FNV,OR,BLDR,JHX,PK,CRNX,FTAI,PFSI,NOC,NGD,CUBE,BG,WLK,STEP,ZETA,KLIC,HSAI,VNET,SKY,HASI,HE,CDE,LRCX,STNG,RTO,UAA,TFPM,IBN,LQDA,EGO,MFG,DCI,AMKR,VSCO,NMR,TXT,FORM,MUFG,CPAY,FDX,EXR,CC,IBRX,ACMR,CHH,TMHC,EXP,GNL,LPX,SBSW,PSA,CAKE,POOL,VST,WHR,OSK,MEOH,TXRH,ALSN,PBF,BE,SHW,RBA,TXN,INTC,NVO,GD,ASML,LEN,LEGN,RTX,ERO,PL,WMT,CAMT,MT,TDS,GFI,WSM,FCPT,HIW,ONDS,WPC,DAN,LUNR,VALE,KNX,HSY,QXO,HXL,NLY,BABA,SN,MLI,HMY,SVM,VCTR,DE,HYMC,TRN,AA,MAS,AU,HLT,EAT,ALGN,RH,JKHY,PHG,HUBG,EXK,WES,SU,WHD,WAB,JLL,SNPS,MCHP,BIIB"
2026-01-13,160,"RVMD,ERAS,CGON,KTOS,CMBT,COMP,MTSI,ATRO,GDS,MTH,LMT,LHX,FRO,STNG,INSW,IBRX,TRMD,UCTT,VNET,BILI,MRCY,FND,TOL,SCCO,KRMN,TPH,INTC,DHT,AXTI,SITE,OR,BUD,PSLV,ET,BABA,CBOE,BEAM,SIMO,AVAV,LEN,LQDA,HAFN,DHI,FNV,WMT,LOW,MUFG,APLD,TMHC,HII,KMT,BVN,PHM,SFD,TTMI,IHS,FBIN,HD,MIRM,SU,CL,PAGP,MMS,BNTX,STZ,BLDR,COST,UMC,HSY,PFSI,NOC,DRS,IMO,MO,PM,BG,NSA,WY,KC,PBF,CSTM,BE,CEF,SATS,KGC,AEM,MFG,FCX,GOOGL,SNDK,GOOG,TXT,KEP,DAWN,XOM,SQM,JHX,ONDS,PFGC,AG,TPL,SHAK,QXO,EXP,RPM,LPX,POOL,USAS,WLK,TAP,BBVA,TXRH,PAA,WES,HL,ALMS,NVO,GD,PL,AAUC,RTX,KBH,MT,TDS,LTM,VG,GFI,FCPT,EQNR,SLB,TTC,WPC,CAMT,BC,CRNX,RBLX,ALB,TGB,VTRS,MLI,NGD,RVTY,SBSW,SARO,SVM,CLX,HYMC,AA,DNTH,AU,STEP,SKY,EXK,PBR,APTV,LASR,OPCH,CDP,ORA,MDLZ"
2026-01-14,237,"KTOS,ERAS,IBRX,VISN,LMT,LHX,BILI,NOC,VNET,ATRO,GDS,RVMD,CGON,PSLV,LPX,MTSI,LQDA,SATS,MTH,BUD,BABA,SSL,SITE,SCCO,TPH,TTMI,UCTT,AVAV,CL,CMBT,FND,TOL,EQNR,HII,RPM,BEAM,FBIN,WY,NTR,CEF,MRCY,RTX,DHI,WMT,MUFG,WBI,STZ,BLDR,RIO,COST,XOM,OXY,TPL,KMT,BG,DE,NSA,CNQ,SU,GD,FNV,CF,FCX,SQM,TS,APLD,SLB,ET,HSY,ADM,TGB,PPC,IMO,MO,LYB,PM,BVN,KRMN,CVX,SFD,DNTH,USFD,WLK,TAP,RYN,JNJ,ITW,KC,CSTM,LASR,OPCH,PAGP,ALMS,INTC,MFG,AGNC,DCI,APA,AVNT,TXT,VG,BTU,HAL,FCPT,JHX,ZTO,DOW,AOS,PFGC,CC,EXP,DRS,GNL,SYNA,MLI,RVTY,SVM,CBOE,SYY,POOL,STEP,CVE,CHD,FRO,PAA,HD,PBR,ICE,LOW,HON,PL,LEN,WPM,KGC,AUGO,AEM,BHP,OR,BNTX,COMP,STNG,KBH,TNGX,SHEL,KO,KEP,EC,ONDS,TDS,EXR,PLD,AMCR,SHAK,QXO,PNW,PFSI,TMHC,ACN,DTE,SON,SARO,GGG,PSA,PHM,O,EL,WHR,LB,BBVA,SMG,MHK,WES,ALSN,MIRM,CE,SJM,ARCC,SHW,MDLZ,NVO,MOS,AAUC,NOG,GMAB,SNDK,GFI,ROIV,WSM,FTI,DAR,AVY,TTC,LUNR,AG,TALO,FERG,BC,ALB,OVV,HRL,NGD,TRMD,SBSW,CLX,AAON,JBS,SWX,PKG,CUBE,GTX,EIX,SRE,HYMC,IR,EPR,MAS,IEX,AU,MWA,KLIC,LNT,MUR,PG,SKY,CX,DEO,EXK,GPC,MT,HL,EVRG,ACI,CDP,ORA,WAB,FANG,PEP"
2026-01-15,216,"IBRX,ERAS,VISN,MTSI,CGON,UCTT,PSLV,BILI,PEN,MTH,RVMD,TTMI,LQDA,SITE,NSA,INTC,KTOS,TOL,SCCO,LHX,KMT,USFD,ATRO,WY,HII,NTR,CEF,SYNA,MUFG,APH,FCX,GDS,FCPT,LMT,NOC,RVTY,SSL,BEAM,VST,MKSI,KLAC,AEIS,FIGR,KLIC,PRIM,PL,OR,COMP,FND,AVNT,SATS,FORM,PFGC,TGB,PFSI,BABA,MO,SWX,BVN,ARR,BG,TPH,FBIN,ONTO,VNET,CALX,GPC,JNJ,CSTM,OPCH,MRCY,AMAT,ASML,TWST,SMFG,AUGO,DHI,FNV,VSH,MFG,AGNC,DCI,WMT,WBI,BLDR,JBL,GD,JHX,WDC,TDS,CC,GLXY,ADM,GNL,PPC,IMO,SBSW,BUD,SVM,PM,RTX,SYY,ENTG,HYMC,CRWV,CON,TLN,TSM,TECH,EXK,ICE,DRI,CWEN,KC,MIRM,HL,CMC,FAST,FIX,WPM,ASX,BNTX,RIO,NMR,BTU,DGX,KEP,CLF,WT,XOM,SQM,EC,KN,AG,CAMT,HSY,MRNA,RPM,MLI,LPX,GTX,PHM,SFD,STZ,TAP,STEP,HWM,CVE,ALSN,LOW,SU,LH,BLK,LEN,AAUC,UEC,BHP,KBH,CF,RBLX,LTM,GFI,FTI,ZTO,AMT,BA,SLB,TGTX,VIRT,EXR,FE,FERG,ETR,PLD,ALB,SHAK,HRL,QXO,ACMR,TMHC,HXL,ACLS,DTE,NGD,SON,NI,AAON,JBS,CUBE,MPLX,PSA,CVX,POOL,O,WLK,MAS,IEX,AU,MWA,SUZ,RYN,LB,TXRH,PAA,PBR,CNQ,CE,SJM,LASR,SLAB,CL,PAGP,RBA,ALMS,LRCX,MDLZ"
2026-01-16,208,"IBRX,VISN,MTSI,UCTT,FIGR,EQNR,PSLV,ERAS,SYNA,TTMI,PEN,TIGO,WMT,VIRT,BILI,ARR,VSH,GLXY,MRNA,KMT,USFD,NSA,ATRO,CWEN,HII,NTR,PL,CEF,MUFG,KTOS,UEC,APH,DGX,WT,EC,LHX,TGB,NOC,CME,GNL,RVTY,SVM,SWX,BG,SYY,CRWV,CON,DX,ONTO,CALX,ADC,JNJ,OPCH,LH,KLAC,FAST,AEIS,BLK,PRIM,FNV,MFG,RBLX,SATS,SCCO,FCPT,LMT,AMT,NTST,ELS,DOC,RIOT,PFGC,AG,FE,BKD,PNW,PFSI,NLY,BABA,IMO,PNC,DTE,EPRT,AM,MPLX,KT,CBOE,ENTG,NVST,USAS,EPR,IEX,PAA,ALHC,ICE,HL,MRCY,PAGP,TWST,CC,KLIC,SMFG,RGLD,WPM,BNTX,ASX,AUGO,OR,FCX,JBL,VG,FORM,SQM,WEC,TDS,UMC,WPC,CAMT,HNI,PPC,MLI,MO,PM,RTX,AGNC,SFD,O,MKSI,STZ,CVE,XYL,ED,CWST,VNET,ASTS,GPC,NVO,DRI,PPL,SU,HON,COST,FLY,CGAU,AAUC,RMBS,FND,STNG,LTM,ECG,BTU,GFI,KEP,GD,NUE,EMR,LNG,ZTO,DCI,WDC,TGTX,EXR,MSCI,PLD,ACMR,IREN,NGD,SBSW,PBA,NI,AAON,BVN,NNN,PSA,HYMC,AKAM,DNTH,MTZ,BEAM,AU,MAIN,TRNO,SNDK,BNL,CHD,TSM,TXRH,WY,EXK,PBR,MT,ALSN,D,VICI,CNP,EVRG,LASR,GKOS,SLAB,CDP,CL,RBA,ALMS,AMAT,LRCX,ASML,MU,INTC"
2026-01-20,164,"VISN,ERAS,IBRX,QGEN,PEN,UCTT,FIGR,CGAU,TTMI,SKM,NTR,UMC,MTSI,PSLV,TGTX,SVM,TIGO,KEP,NTST,LHX,VIRT,GLXY,MRNA,KMT,PNC,DNTH,FNV,MKSI,OPCH,OR,HII,WPM,VSH,CF,EQNR,DGX,WT,EC,FE,TGB,RVTY,BG,AUGO,CEF,DX,ED,CWEN,LH,GKOS,EXC,RGLD,RMBS,VICR,FORM,IAG,KTOS,BKD,FTAI,CME,DTE,SWX,ENTG,USAS,CON,USFD,STZ,ORLA,CHD,ONTO,JNJ,PPL,BKR,KGC,BVN,PL,MUFG,CTRA,MFG,FCX,RIO,LNG,XOM,WEC,DOC,WPC,AG,PFSI,EPRT,O,EPR,PAAS,ASTS,CALX,ADC,MASI,PBR,NVO,HL,LASR,CL,AMAT,MNST,ASML,MU,INTC,PHYS,EQX,EXK,CC,SQM,WBI,HBM,APH,CLMT,VG,BTU,GFI,SCCO,FCPT,WDC,EGO,SLB,RIOT,UUUU,LUNR,CWAN,VALE,CAMT,TPL,SBLK,HRL,AEM,ADM,NOC,GNL,MLI,HMY,AM,JBS,ARR,SYY,HYMC,NVST,UEC,AU,SNDK,BNL,NSA,TFPM,TECH,ATRO,ALHC,WY,PPTA,SA,ICE,DUK,SU,CMC,MRCY,PAGP,RBA,KLAC,GFS"
2026-01-21,219,"VISN,IBRX,PEN,QGEN,RMBS,UMC,PNC,UCTT,FORM,ERAS,CGAU,SKM,FIGR,VSH,EC,MKSI,FITB,PHYS,UEC,BG,FAST,NTR,INTC,TIGO,ALM,BTU,KEP,WT,PSLV,VIRT,MRNA,RIO,SVM,ENTG,USAS,CTRA,CF,EQNR,GILD,EGO,RDN,CFG,TGTX,BKD,CON,FAF,ALKS,AUGO,SNDK,ALHC,CNQ,CWEN,RTO,HL,HBAN,LH,GKOS,AEIS,MT,RGLD,WBI,CCJ,ESNT,SYNA,BNTX,TS,VICR,ITUB,FTI,LNG,RITM,VALE,FE,GLXY,IBKR,ADM,FTAI,NOC,UDR,GNL,TMO,USFD,IEX,FNV,STZ,DX,UA,KNSA,TECH,ATRO,WY,TNGX,MASI,PBR,Q,PPL,BKR,GFS,ASML,MU,COST,EXC,CC,WPM,BHP,MEOH,WHD,FCX,ALGM,CE,AROC,CTVA,XP,NTST,UAA,IPGP,DOC,AG,STLD,MTB,TPL,PFSI,MLI,DTE,KT,BSBR,NE,COHR,CEF,RYN,CHD,CWST,PAAS,RUSHA,ASTS,WM,EVRG,OR,BIDU,KLAC,AMAT,ORLY,EXK,OII,KLIC,TTMI,VG,AMD,MTSI,MFG,MRX,APH,HBM,SLAB,GFI,SCCO,NUE,XOM,FHN,DCI,WEC,WDC,DAR,SLB,RIOT,WPC,DAN,EQT,IAG,CWAN,KN,NGG,HNI,KMI,SBLK,BILI,AEM,HII,KMT,RVTY,AM,AAON,JBS,SWX,AGNC,DE,HYMC,HLI,TECK,EWTX,PPG,NVST,O,AU,MWA,FRPT,MAIN,TRNO,ORLA,NSA,TFPM,ONTO,STX,CRC,FLNC,AME,CALM,SA,JNJ,ICE,DUK,KGS,SU,CMC,CL,MRCY,RBA,LRCX,HON"
2026-01-22,187,"IBRX,QGEN,PEN,CGAU,PNC,MKSI,ACHC,RMBS,OR,PHYS,FTAI,GKOS,KEP,UMC,USAS,FAF,SKM,FAST,TIGO,CFG,AG,SVM,BSBR,AUGO,FRPT,RTO,HL,AEIS,FIGR,CTRA,ALM,ERAS,XP,ITUB,FORM,WT,BKD,IBKR,MRNA,BG,FNV,SNDK,UCTT,SA,FITB,ASML,MU,SKE,INTC,EXK,WPM,SBS,VSH,CDE,UEC,DAN,GILD,BBIO,EGO,RITM,IAG,IRDM,TPL,ENTG,HYMC,CEF,ORLA,DX,CWEN,MT,BKR,ARM,NTRS,KGC,RGLD,LTH,CCJ,NGD,ENPH,VICR,SMCI,AROC,PSLV,VIV,KMI,AEM,IMNM,CON,VG,UA,KNSA,PAAS,ASTS,PBR,WM,RBA,HON,FSM,BNTX,DAR,IPGP,CLMT,EQT,VIRT,VALE,GIL,AVNT,AAUC,PFSI,UDR,RIO,COHR,ALKS,IEX,AU,LTM,RUSHA,ALHC,AME,NVO,KGS,GFL,DNLI,KLAC,AMAT,GFS,AMPX,CC,USAR,EQX,OII,LASR,GME,AMD,VSAT,NU,SSRM,LUNR,APH,MOD,HBM,TLK,CTVA,GFI,WDC,UAA,EC,SLB,KEX,UUUU,CWAN,CAMT,USB,HNI,GLXY,ALB,BMO,RVTY,HMY,NTR,AXTA,TMC,AM,LMND,FHI,VCTR,KRMN,PPG,NVST,MTZ,TMO,PCVX,CHD,STNE,NSA,TFPM,ONTO,STX,FLNC,CALM,PPTA,CVS,Q,BIDU,DXCM,AMGN,ADSK"
2026-01-23,159,"QGEN,IBRX,ERIC,BSBR,USAS,PHYS,UMC,CGAU,HYMC,ALM,KEP,ACHC,RTO,SKE,SBS,XP,GILD,MRNA,TMC,SVM,CEF,USAR,SKM,MU,PBR,AG,ORLA,UA,PAAS,HL,EXK,CDE,NGD,ERAS,ITUB,MGY,WT,EGO,VIV,EQT,IAG,IRDM,BKD,RMBS,PNC,VG,FRPT,PEN,SA,MT,OR,KGC,FTAI,LTH,WPM,ERO,HBM,EC,DAN,TTE,HLN,TPL,AAUC,TSCO,FNV,MKSI,AUGO,FTS,FITB,ARM,RGLD,CCJ,SBSW,FSM,ENPH,SCCO,UAA,UUUU,VALE,KMI,RDY,IBKR,UDR,RIO,AU,DX,SNDK,KNSA,NVO,WM,FAST,ORLY,EQX,NEM,EQNR,BNTX,VSH,UEC,TS,TGB,ASML,AROC,KO,PSLV,CFG,RIG,DTM,ASND,OKE,SARO,WMB,DNTH,SSL,FAF,BAH,SDRL,ASTS,TIGO,CRK,KGS,MNST,AMPX,NTRS,OII,TCOM,BHP,HAL,MEOH,NU,SSRM,VIST,GKOS,TLK,NOW,AEIS,GFI,DAR,SLB,RITM,LIF,AEM,EXE,HMY,PBA,LMND,BG,TECK,CHD,CF,LTM,TFPM,PG,STX,FLNC,PPTA,BCE,BIDU,RBA,SBUX"
2026-01-26,162,"ERIC,QGEN,SKM,ALM,USAS,USAR,PHYS,UMC,CGAU,SSRM,HYMC,CEF,AAUC,GME,ERO,KEP,ACHC,PAAS,SKE,MGY,EQT,SVM,OR,ITUB,PBR,EGO,IAG,SSL,ORLA,TEAM,BKR,SBS,XP,TTE,VIV,AG,IBRX,HBM,BSBR,ZM,FAF,FNV,AUGO,FRPT,WPM,KGC,FTAI,LTH,SCCO,NU,DAN,RIG,PSLV,IRDM,ALB,ASND,EXE,RIO,NGD,BVN,TSCO,PEN,EXK,DOCN,MT,RTO,FITB,CDE,GILD,RGLD,EQX,SBSW,ENPH,CTVA,GFI,PFG,GDS,HLN,UUUU,VALE,TPL,RDY,AEM,TGB,RMBS,RRC,BG,TECK,TSN,FSM,AU,PCVX,KNSA,SDRL,CVS,WM,FTNT,ARM,ILMN,NEM,ASML,SNDK,MU,NOW,AROC,AR,KMI,ET,LIF,MRNA,UGI,SARO,DNTH,MKSI,PAGS,UA,LTM,SAP,SA,CRK,KGS,HL,LIN,ORLY,AMGN,NTRS,OII,EQNR,HAL,AMCR,META,BKV,STX,WHD,EC,TLK,WT,UAA,DAR,SLB,CLMT,RITM,CAG,ANET,BKD,FCX,HMY,TMC,LMND,DX,BNTX,FTS,CHD,STNE,TFPM,PG,PPTA,BCE,NN,BIDU,NG,SBUX"
2026-01-27,207,"ERIC,GME,USAS,SKM,PBR,USAR,DOCN,ALM,PHYS,ERO,UMC,SSRM,SKE,BKR,SBSW,NU,NET,ZM,RTO,CEF,AAUC,LTH,ITUB,SBS,MGY,GDS,GM,HYMC,KC,NG,GILD,OII,AKAM,VALE,VIST,DB,BSBR,TTE,CTVA,TGB,GLW,NGD,VISN,SYY,SSL,MT,CDE,CGAU,VIAV,CSX,TLK,MELI,ENPH,SCCO,WHD,ASML,BTI,WT,PSLV,DAR,EGO,CLMT,IRDM,BILI,RIO,UGI,RMBS,TECK,FAF,TSCO,MKSI,PAGS,KNSA,PAAS,AVT,GFS,NTRS,FTAI,HSBC,XP,EQNR,BHP,BP,TS,ERAS,AAP,ORA,DVN,VIV,WFRD,DAN,RIG,VNOM,KMI,RDY,ANET,HCA,OKE,TSN,SAN,WPM,BBVA,LTM,RUN,WM,NVS,DNLI,TEAM,MU,DDOG,AU,CRGY,META,STX,LBRT,UBS,VOD,OVV,LYG,BCS,CELC,HE,PR,AROC,TDW,SU,CNQ,FTI,UAA,IPGP,TAK,SLB,AG,NGG,CAG,MRNA,FCX,ASND,TMC,PBA,KT,APH,YUMC,WMB,LUMN,PCVX,BNTX,CVE,FTS,SDRL,TRP,ING,LIN,ORLY,AMGN,UEC,HAL,VSH,FNV,APLD,EC,SNN,SNDK,NOW,FANG,GFI,YPF,CFG,RITM,IAG,USB,TD,HAS,GSK,ALB,BKD,PFE,ARW,FER,SVM,HBM,PM,BVN,KRMN,AGNC,FSM,ECL,CMBT,ORLA,DX,UNFI,STNE,UA,FRO,CRC,FLNC,CALM,EXK,BCE,GPC,WDS,KGS,NEE,BIDU,BNS,MSFT,FTNT"
2026-01-28,154,"ERIC,SKE,SKM,AVT,ERO,SSRM,USAS,DOCN,CGAU,ITUB,GME,PBR,PHYS,ZM,ALM,CEF,NG,PSLV,UUUU,AAUC,NU,GLW,TMC,HYMC,USAR,WPM,PAAS,STX,TXN,SCCO,AKAM,SBSW,SBS,BSBR,GDS,AG,TGB,NGD,LRN,VISN,SYY,SSL,MKSI,RUN,KC,VIAV,AU,BHP,ASML,VALE,VIST,MGY,GFI,UMC,IAG,ANET,UGI,ARW,HBM,NXT,ORLA,FFIV,MT,TRP,GILD,HMY,ENPH,PUK,VIV,AGI,EQX,TTE,TAC,WT,EGO,IRDM,BILI,TSN,FSM,PAGS,OR,CDE,FTNT,MU,DDOG,LTH,HSBC,BKR,NXE,AEM,NEM,FNV,CSCO,MPWR,VOD,CCJ,RIO,SU,ASX,NET,SNX,TAK,OII,NGG,KMI,FCX,HCA,PBA,KT,HESM,LTM,RGLD,PAA,ASTS,SNDK,UEC,CLS,AUGO,BEKE,MELI,B,META,APLD,WDC,IPGP,AES,CLMT,ET,MSCI,TRGP,BKD,TRMD,OKE,SVM,LMND,PM,BVN,KRMN,WMB,TECK,PPG,CMBT,DX,STNE,SAP,FRO,EXK,AAOI,JNJ,NEE,AMRX,HUT,MCHP,MSFT"
2026-01-29,148,"PHYS,AVT,ERO,VIAV,ERIC,STX,SKM,SCCO,PBR,BHP,PSLV,BKD,LRN,ALGM,CEF,AAUC,ITUB,VIST,RCL,CLMT,GLW,ARW,SYY,TT,CHRW,AMRX,TXN,GFI,TAK,LUV,VIRT,TGB,UGI,VISN,LBRT,ZM,USAS,NXT,WPM,TAL,SKE,ALM,META,CGAU,CSX,SBSW,TTE,SHEL,PR,EQNR,GM,FCX,HBM,TECK,MKSI,CMBT,FRO,KC,RIO,DAR,AUGO,HSBC,BKR,MGY,BP,OII,ASML,VALE,PUK,LYG,CVE,WDS,SU,MOD,GDS,WT,T,SSRM,BIPC,KT,VSH,PAAS,EPD,CRGY,TRP,GILD,RCI,LRCX,SM,VAL,VNOM,MPWR,CCJ,IMO,CNQ,YPF,XOM,AG,NGG,MFC,BMO,ENB,PBA,BEKE,NCLH,PEG,FFIV,KLAC,MU,SNDK,AKAM,HAFN,NE,B,FNV,CSCO,OVV,BSBR,TAC,WDC,IPGP,SNX,EGO,DHT,UUUU,PTEN,IAG,NFG,SBLK,BILI,SOBO,TTEK,NU,TRMD,HESM,WMB,TSN,PPG,AMTM,BTI,PAGS,DX,FTS,BIP,AMP,JNJ,DUK,CP"
2026-01-30,118,"AVT,VIAV,SKM,VZ,CHRW,T,ARW,LRN,SYY,TT,STX,RHI,TXN,VIRT,BKD,DECK,ALGM,AAUC,VIST,GLW,TAL,BEN,PBR,PR,MOD,ERO,RCL,LUV,VISN,LBRT,CMBT,ALM,MGY,ASML,TAK,EDU,CAG,LBRDK,MKSI,VSH,PEG,BHP,ITUB,SM,CRC,LYG,GME,LMT,CLMT,NGG,FDX,UGI,ZM,NXT,CHD,FRO,AMP,DUK,TEVA,META,CHTR,PEP,HSBC,NE,SHEL,VNOM,OVV,AROC,GSK,ACMR,SPG,APD,TRMD,KT,BEKE,SFD,TSN,SNDK,CRGY,AMRX,MFG,MU,AAOI,DAR,VSEC,CNX,BKR,AR,APLS,VAL,ERIC,OII,CSCO,HON,FLNC,PFG,EQNR,YPF,XOM,WDC,IPGP,RSI,DHT,SBLK,BILI,TRGP,BIPC,VCTR,CVX,PPG,BTI,LTM,PAA,EPD,TRP,CL,PAGP,GILD"
2026-02-02,137,"AVT,VIAV,BKD,VZ,CHRW,ARW,SKM,MOD,T,VIST,SYY,ALGM,VSH,STX,TXN,GME,GLW,LRN,SNDK,RHI,EDU,LBRT,TT,AMRX,AAOI,TAK,LUV,DECK,BEN,CHTR,AOS,DAR,PBR,LMT,VIRT,FDX,VISN,BTI,CHD,TAL,ING,CL,AZN,SEIC,VIK,PR,LITE,WDC,RCL,IPGP,TFC,BIPC,MKSI,CMBT,VFC,TEVA,PEP,ITUB,MPWR,ETN,LYG,CLMT,STLD,MTB,MSCI,ACMR,LBRDK,NXT,NCLH,LTM,AMP,CAT,RRX,GEV,MU,HSBC,CIEN,MGY,OII,ASML,KO,DNOW,AMPX,SPG,UGI,APD,HCA,TRMD,BUD,PPG,JXN,IBM,BIP,BHP,MFG,CSCO,TDW,NE,APLS,TBBB,CVE,TER,HON,FLNC,ERO,PFG,SCCO,EQNR,RPRX,XOM,RSI,DHT,NGG,MFC,XPO,UPS,LTH,SBLK,TWST,NOC,BMO,VCTR,KT,IHS,DLB,PCVX,PAA,EPD,VOD,BCE,WMT,JNJ,TRP,CAH,PAGP,AAPL,PCAR"
2026-02-03,191,"DVA,BKD,VZ,CHRW,T,AVT,MOD,VIAV,LRN,EPD,EDU,DECK,ARW,ALGM,SNDK,TT,RHI,TXN,SCCO,SIGI,AES,LUV,WBS,LBRT,STX,AOS,TER,AMRX,ALM,TEVA,CHTR,TTMI,FDX,EMN,WDC,IPGP,VIRT,AMPX,ATI,PPG,IR,VSH,TAL,BEN,WWD,CL,AZN,LYB,SKM,OVV,NJR,MPC,ERO,RCL,MTB,BALL,TEX,IEX,CHD,AAOI,CP,PEP,LASR,TBBB,PR,CTRA,TPC,PH,KO,NUE,XOM,CLMT,STLD,RF,FCX,TFC,AHR,APD,LBRDK,VISN,MSM,OSK,CAT,VFC,ING,PAGP,CSCO,DAR,PBR,VNOM,ACMR,CSTM,HON,DOW,TAK,DOV,MRK,XPO,HUN,CAG,LYG,CVX,NXT,BTI,DVN,CARR,LTM,AMP,ITW,RRX,AEIS,CRC,MGY,NE,APLS,CVE,IHS,LMT,RPRX,CCK,STAG,FHN,GSK,BMO,HALO,BIPC,EPR,JBHT,PG,LPLA,BIP,BHP,AME,WMT,MFG,CMC,FAST,PCAR,ODFL,RIO,BFH,FLNC,WTW,TDW,WFRD,MU,SHEL,GEV,TS,ETN,IMO,SU,LITE,PFG,AON,EMR,DHT,HUBB,TDS,PTEN,NGG,KMI,HAS,ATMU,DTM,TWST,TGB,ALK,TTEK,PNC,UE,BUD,RTX,CUK,TECK,AMTM,COHR,KNTK,L,CENX,PAA,PECO,RUSHA,VOD,HUBG,HIG,BCE,JNJ,BE,FITB,AVA"
2026-02-04,297,"DVA,VZ,COLM,MOD,RHI,HBAN,CHTR,SIGI,LUV,BKD,AOS,WTW,EPD,CTRA,LYB,T,VIAV,CLMT,FTV,DECK,IEX,OSK,TT,ENPH,CHRW,RRX,CP,SLAB,ZWS,EMR,DOW,KMT,LBRT,IR,WWD,FITB,MFG,SLGN,SKM,HMC,OVV,EMN,XOM,DOV,XPO,UPS,BALL,GSK,REYN,TTEK,TEX,TFC,WBS,EPR,DVN,CHD,BEN,ITW,CL,IP,TBBB,PR,FDX,IMO,MPC,HON,NUE,UNP,VNT,MTB,CAG,SPG,ATI,UE,OLN,LBRDK,CON,MSM,ALGM,LEA,SNDK,HIG,BCE,AZN,CRUS,CB,PH,NJR,STLD,RDY,VTRS,KIM,RPM,MAC,APD,ARW,PPG,WHR,CARR,JCI,AMP,CAT,SLF,ALM,FAST,ODFL,PEP,TER,SM,CRC,WFRD,NE,SHEL,VAL,VVV,WLK,CC,BRX,KO,RCL,ELS,IPGP,AES,TAK,MRK,OC,AMPX,RF,HUN,TWST,CLX,CVX,GTES,HG,JBHT,TRNO,VSH,SIMO,L,NSC,CINF,CE,ING,AVT,AAPL,VOD,DAR,TDW,NGG,AMCR,RIG,UL,PSX,TGT,RPRX,CCK,STAG,SAIA,WEC,GL,USB,KNX,HSY,LBTYA,PNC,VC,SON,GIS,PKG,BIPC,GGG,YUMC,RAL,TAP,DLB,TAL,MEOH,PG,PECO,RUSHA,VFC,KRG,CMC,PAGP,SHW,CDW,AMGN,HLN,BFH,MTDR,MGY,CHRD,DK,HP,EOG,DEO,CVE,AROC,GME,TMUS,LMT,VLO,EQNR,AGCO,KEY,FHN,RSI,CFG,REG,ACGL,HAS,FRT,BJ,EXP,BMO,INGR,MCD,BUD,HALO,LYG,DINO,O,SCI,ALLE,RYN,MGM,BNL,ATO,LPLA,BIP,HUBG,ADC,WMT,GPC,AVA,CDP,CSX,LIN,CCEP,CMCSA,RIO,CNX,TTE,COP,VIK,TS,CNQ,ACMR,CSTM,MTH,LITE,AON,DCI,NTST,KR,TDS,KMB,PTEN,VIRT,DNOW,HNI,AVNT,TRV,ATMU,ALK,AHR,PNFP,KTB,MO,OKE,VCTR,CUK,DE,TRN,AMTM,HST,OUT,BTI,HLT,PAA,BHP,LLY,GNW,CRGY,AFL,PCG,TKR,MHK,MA,ATR,AMRX,TEVA,WAB,KDP,CSCO,TXN,KHC"
2026-02-05,264,"DVA,RRX,SIRI,VZ,COLM,RHI,HBAN,CHTR,XPO,FTV,WWD,SKM,GSK,IEX,DVN,ENPH,SLAB,IP,WMS,ZWS,CRUS,EPD,FDX,KMT,WBS,SWK,ITW,FITB,SLGN,EMN,LITE,CTRA,BALL,HSY,CON,LEA,TKR,CL,ODFL,PEP,YUMC,VVV,ALL,SIGI,IPGP,UNP,TPR,MRK,MTB,DECK,ATI,UE,LBRDK,IR,MSM,SNDK,CHD,JCI,MCK,HIG,CINF,CE,CAH,AZN,CDW,TER,GL,KLIC,LYB,CB,NJR,KO,AGCO,T,CPAY,RDY,CAG,FRT,TFC,MO,APD,ARW,ADC,AMGN,KGS,WLK,BMY,UL,MPC,GME,BRX,RPRX,CCK,SAIA,DOW,ELS,CLMT,VNT,DOV,AOS,UPS,RF,HUN,TRV,OVV,TWST,VTRS,KIM,RPM,PNC,EPRT,CLX,GTES,SCI,TAP,ITT,OSK,BEN,RUSHA,AFL,MFG,PAGP,FAST,WTW,ZTO,CC,FORM,DK,MOD,FCPT,KVUE,AES,REG,KMB,OC,WU,BAX,BKD,BJ,SPG,SON,GIS,GGG,PPG,O,HG,JBHT,TRNO,ALLE,L,PG,PAA,ALGN,NSC,AVT,SWKS,CDP,TEVA,CSCO,CCEP,HLN,NGG,AMCR,HMC,AROC,STAG,FHN,CURB,CFG,ACGL,DNOW,USB,ROAD,HNI,AHR,PSX,INGR,BUD,NNN,DE,DINO,OUT,EPR,OSW,CARR,MGM,BNL,RMD,PECO,OTIS,WMT,GPC,SLF,RTO,TBBB,LXP,KRG,LSTR,GILD,MT,EDU,CNX,AXIA,NVS,LUV,CRS,TMUS,NUE,EMR,XOM,KEY,DCI,NTST,VIAV,TAK,KR,SM,STLD,AVNT,HAS,MKC,PLD,CPB,MSI,CME,REYN,MAC,TEX,IMO,KTB,OKE,HALO,PH,CVX,TRN,CAKE,FAF,NWE,AFG,WHR,STZ,BTI,HLT,YUM,HRI,FTS,SIMO,PARR,PR,CTRE,AME,HUBG,MHK,JNJ,CALY,CP,AVA,WFRD,ACI,AAPL,CSX,TXN,MDLZ,KHC"
2026-02-06,378,"DVA,RRX,COLM,XPO,ARW,ENPH,SLAB,WMS,IPGP,HSY,KMT,NVST,LEA,WWD,ITW,IP,TER,ZWS,EPD,FORM,CPAY,GSK,FTV,ATI,WBS,DVN,SWK,ODFL,LASR,KLIC,ATR,CRUS,YUMC,FDX,LITE,EMR,IR,MGM,MCK,TKR,SLGN,SKM,NVS,VVV,MPC,CALX,ROIV,EHC,AGCO,CLMT,TPR,BALL,TEX,IEX,OSK,MT,CP,CE,SMCI,PEP,AMGN,HMC,CRS,MOD,CC,CI,SAIA,AES,SMFG,UNP,VNT,SM,MTB,HUN,TWST,DAL,TTEK,GLW,OLN,MSM,GTES,MAS,BILL,ITT,HRI,JCI,ASX,ALGN,CINF,FITB,ALM,WFRD,MFG,AZN,CDW,ARM,BOOT,KGS,CB,WLK,BMY,CAT,CTRA,HTHT,DOV,OC,ROAD,UPS,KNF,RPM,TFC,PNC,LPX,UE,LYB,MGY,VISN,SIMO,POST,HIG,SLF,TW,HBAN,FAST,CIEN,MWA,VOD,LI,MTSI,ZTO,LUV,UAA,CSTM,NJR,LBTYA,EMN,DK,BRX,KO,SIGI,NUE,CCK,DOW,SIRI,AOS,PTEN,MRK,KN,STLD,USB,WU,KNX,RF,TRV,OVV,VTRS,ALK,IMO,VTR,HALO,LBRDK,GGG,CCL,PHM,PPG,CON,HG,JBHT,OSW,RMD,CENX,BIP,CAH,CSCO,AAPL,CHTR,CCEP,J,WTW,GL,CNO,AMCR,UL,TRNO,TGT,VLO,RPRX,FHN,ELS,CFG,HUBB,MPWR,MUFG,HNI,TD,RDY,FRT,BKD,MSI,BJ,ACMR,FNF,CME,SPG,PSX,EPRT,BUD,PH,WCC,EWBC,AROC,XRAY,CUK,DE,DINO,AMRZ,OUT,ALGM,FAF,AAP,MMM,TAP,HLT,CARR,ALLE,COCO,YUM,UA,RUSHA,WMT,GVA,NSC,AVT,COST,BIIB,JBL,HLN,APAM,AXIA,NGG,MTZ,VCTR,PWR,TPC,PCVX,SAP,FER,CDP,FTI,KVUE,XOM,KEY,T,DCI,CURB,MTCH,VIAV,PHYS,TS,SNX,KR,AGI,ACGL,DNOW,BWA,GIL,RIG,ATMU,URI,PLD,BAX,CGNX,EXP,IFF,KTB,MO,INGR,MCD,SON,CLX,O,USFD,NE,SCI,DD,TT,L,AFL,GPC,TIGO,MHK,JNJ,DRI,RTO,TBBB,FLS,KRG,LSTR,SWKS,VMC,WAB,CSX,FN,CALY,LBRT,MKSI,ADT,WHD,GME,MTH,CNI,WSM,KEYS,VIK,SCCO,EQNR,STAG,GEN,TTC,KMB,TXT,APG,AVNT,HAS,WYNN,CAG,AXTI,KIM,BMO,MAC,QSR,MIDD,VC,OKE,NOK,PBA,PKG,SONY,TTE,VZ,CVX,SFD,TRN,CAKE,GXO,BDX,COHR,MLM,BTI,FBIN,SNDK,PARR,BNL,CXT,PR,CTRE,PG,SKY,CM,PECO,OTIS,LLY,AME,PCG,CWEN,ALSN,CHRW,HASI,CMC,EVR,HE,ACI,CL,HP,TXN,MAR,GILD,HON"
2026-02-09,360,"RRX,COLM,DVA,ENPH,ARW,YUMC,VAL,CPAY,XPO,KMT,SLAB,IP,ZWS,ATR,FORM,HSY,GSK,NVST,WWD,TKR,TER,KLIC,EPD,TGNA,FTV,ATI,WBS,BILL,MGM,LASR,WMS,CALX,LITE,SM,RIG,GLW,LEA,MCK,ITW,TW,SLGN,SKM,CRUS,CI,ROIV,EHC,EMR,IPGP,SMFG,KR,CLMT,TPR,BALL,IR,IEX,OSW,SIMO,SKY,ASX,ALGN,CE,ARM,KGS,VVV,CRS,CC,MPC,CNI,CTRA,KVUE,AGCO,VNT,HTHT,OVV,CME,TTEK,MGY,CBOE,NE,COHR,JCI,POST,STM,SWK,ALM,CDW,AMGN,CIEN,NVS,TSEM,FDX,UAA,AES,AGI,AXTI,RPM,LPX,XRAY,VISN,WULF,GTES,HG,ITT,HRI,OSK,RMD,MT,CP,MFG,SMCI,NGG,ITUB,ZTO,CB,WLK,BMY,DK,XOM,UNP,PTEN,OC,KN,RDY,SGI,VTRS,DAL,ENB,IMO,PNC,VTR,OKE,UE,BUD,LBRDK,AROC,HESM,PPG,DVN,CARR,PR,CENX,ADC,TIGO,SLF,WFRD,CSCO,PEP,CCEP,MWA,J,HAFN,LI,AMCR,PWR,FER,TRNO,CAT,EMN,BRX,FTI,KO,SIGI,VLO,EQNR,DCI,MTCH,ELS,HUBB,DOV,MUFG,REG,USB,MTB,UPS,RF,TPL,HUN,FRT,BAX,CGNX,MSI,BJ,ALK,PSX,LYB,PBA,HALO,AM,GGG,DE,AMRZ,CON,EQR,ALGM,MAS,MMM,CMI,UA,MTDR,CTRE,OTEX,BIP,GVA,NSC,FLS,LINE,HBAN,CSX,CHTR,JBL,VOD,FTNT,HMC,DOCN,STRL,MTZ,VCTR,MKSI,ADT,LEVI,VIV,TPC,VSEC,MOD,IRM,LBTYA,HWM,FCPT,NUE,RPRX,SAIA,FHN,CURB,DOW,PHYS,SIRI,GEN,EQIX,AOS,KMB,STLD,TALO,BWA,GIL,ROAD,TD,DTM,URI,PLD,TRGP,ACMR,TFC,IFF,CLX,EWBC,KT,NNN,DINO,O,USFD,EPR,AAP,JBHT,TAP,ALLE,BNL,DD,TT,L,OLED,PCG,CNQ,DRI,CWEN,HASI,EVR,VMC,BIIB,CMCSA,WDC,BOOT,CALY,APAM,UCTT,AXIA,CDNS,UL,RY,CMS,STAG,KEY,VIAV,TS,SNX,MPWR,WPC,ACM,MRK,HSBC,DNOW,TXT,WU,APG,HNI,AVNT,ALAB,KNF,CAG,ATMU,KIM,BMO,GNL,SEDG,QSR,BK,MOS,MIDD,EPRT,SON,C,GIS,PKG,SONY,TTE,EIX,TRN,CAKE,MSM,KNTK,SCI,MLM,AUGO,BLSH,BTI,RSG,HLT,CVE,FTS,PARR,SDRL,PECO,SMG,CRGY,ST,MHK,WDS,CINF,COP,FITB,CAH,KRG,AVT,SWKS,HE,ACI,HP,WAB,GILD,HON,ODFL"
2026-02-10,331,"NVST,PHG,RRX,SLAB,VAL,ALGN,ZWS,ATR,CRUS,FORM,ARMK,TGNA,XPO,HSY,GSK,KMT,OSW,TKR,ENPH,TW,WMS,KLIC,ARW,YUMC,ROIV,EHC,CPAY,SKY,STM,SLGN,TPR,FTV,BILL,MCK,NVS,VVV,HAS,COLM,AGCO,RNG,SM,TPL,MAS,IEX,NKTR,LEA,ITT,OTEX,ASX,IP,ARM,LASR,KGS,VCTR,ADT,BRX,CNI,LITE,KVUE,MTCH,GEN,RIG,ENTG,NE,HG,OLED,POST,UCTT,LAMR,FLS,CE,TENB,MAR,WMG,AMGN,CIEN,ZTO,DD,BAM,FBIN,CALX,DGX,EMR,ESS,SMFG,ACM,KN,EFX,FRT,VTRS,UDR,GLW,VTR,LBRDK,XRAY,VISN,EQR,MGM,HRI,JCI,MT,LINE,MFG,EVR,CDW,CHTR,SMCI,AGI,FTNT,J,LEVI,BMY,UAA,ECL,AS,TRU,SIRI,HSIC,IPGP,UNP,VNT,HTHT,WU,CC,REYN,TTEK,AM,AROC,KT,GGG,SW,IR,GTES,ESI,BLSH,DLB,CARR,SIMO,SDRL,BIP,SWK,ST,CP,ON,MWA,LI,SKM,MKSI,AMCR,LSCC,CB,CDNS,WBI,DEO,IRM,FER,DOV,CRDO,REG,OC,BWA,BALL,TRV,MKC,BAX,CME,RPM,MANH,ATI,UE,TOL,MGY,HESM,WULF,DE,PTC,AMRZ,GLNG,MMM,CTRE,AKR,ADC,GVA,OWL,CMCSA,TER,HLN,KKR,NGG,TSM,TPH,TPC,WWD,LBTYA,TRNO,DK,FCPT,EQNR,SKT,SAIA,CURB,KR,EQIX,OHI,KMB,DT,PLD,EXAS,DLR,SPG,KIM,GNL,IMO,BK,IFF,OKE,PFE,EPRT,CLX,OLN,PKG,EIX,NNN,PPG,O,MLM,MPC,DVN,RSG,HLT,NATL,ALLE,SAN,MMYT,OSK,PCG,NSC,TYL,SLF,ITW,LAZ,KRG,SWKS,CTAS,CCEP,U,HAFN,TWST,WMB,NET,Q,AXIA,MTZ,HAYW,KVYO,TSEM,TOST,VSEC,MOD,UL,CRS,CDP,CI,BX,OTF,VIK,SIGI,XOM,ZBH,DCI,VIAV,DOW,WELL,SNX,DHT,CLMT,WPC,MUFG,AOS,PTEN,TXT,FDX,APG,GIL,ROAD,HNI,AVNT,UPS,URI,CPB,TRGP,SGI,MAC,RACE,SEDG,SNN,BUD,SON,SONY,WBS,GTX,HST,CON,HR,MSM,AAP,TAP,SNOW,BNL,UA,RMD,QRVO,TRMB,PECO,AFL,SPOT,AWI,TIGO,MHK,VICI,AVT,LH,WFRD,VMC,RBA,CSX,APP,HON,ODFL,DDOG,PEP"
2026-02-11,276,"NVST,OSW,PHG,VAL,RRX,ASX,ARMK,TGNA,HSY,TDC,RIG,KLIC,ATR,ARW,FORM,ROIV,EHC,LSCC,NKTR,STM,LASR,KGS,BWA,HAS,CPAY,XPO,TPL,RACE,THC,OLED,ALGN,CIEN,WMS,SITE,CI,AGCO,SIRI,HTHT,SW,ENTG,MAS,VRT,UCTT,MCK,TENB,ARM,AMKR,VNET,YUMC,ZBH,TPR,ROAD,ACMR,AXTI,VTR,NE,BILL,POST,MT,TW,FLS,MAR,TER,FTNT,WMB,MKSI,Q,AROC,ON,ZTO,VCTR,STRL,GLW,TSM,ITUB,HWM,DGX,LITE,KVUE,SMFG,OHI,KN,VTRS,TEX,GNRC,BUD,AM,KT,VISN,AEIS,BLSH,SUZ,DLB,ITT,SDRL,CE,NVS,CAH,MTZ,DD,OII,CAT,TPC,IPGP,FER,FTI,JHX,NET,DHT,VIV,GEN,SM,CC,BKD,QXO,UDR,ETN,AHR,ATI,GTX,XRAY,SOLS,GLNG,HNGE,CENX,CTRE,BIP,TKR,GVA,ST,VRNS,MFG,GFS,AGI,MWA,CAMT,FIX,HAFN,CTRI,AXIA,JCI,PRIM,PWR,WELL,WBI,ECL,CRS,IRM,CNI,MKTX,EQNR,HSIC,UNP,HUBB,CRDO,MUFG,GSK,EXAS,SWX,MGY,GXO,TSEM,ESI,LGN,NYT,PEG,OTEX,SPOT,NIO,IP,DDOG,JBL,HMC,LI,IAG,WAB,NRG,DAN,BHP,SBS,ECG,NOK,ADT,SIMO,NGG,BRX,SHOP,LEVI,VVV,UHS,RNG,KR,SPXC,EQIX,ACM,PTEN,FE,DT,TRGP,MGA,CLX,TOL,GCMG,TRN,EQR,HLT,NATL,CVE,SWK,OWL,NG,KDP,GILD,NXPI,CMCSA,WMG,KLAC,MOD,MTSI,AUGO,VALE,WFRD,VSEC,UAA,CDNS,FBIN,WWD,CDP,BX,CALX,KEYS,KO,XOM,CURB,VIAV,CLMT,DOV,TXT,TALO,APG,LYV,SBLK,ETR,ATMU,DTM,PLD,SGI,ROL,HXL,CME,GNL,IMO,HCA,LBRDK,EIX,WULF,DE,CON,HR,HG,ALGM,RSG,TT,ADC,FIVE,TIGO,CWEN,CP,SU,LH,GEV,SLAB,CSCO,EA,CTAS,PEP"
2026-02-12,238,"NKTR,FSLY,VAL,TDC,RIG,IPGP,CGNX,SW,NVST,VRT,LSCC,OSW,PHG,VNET,BWA,ROIV,EHC,TGNA,RACE,SWX,MAS,THC,STM,BUD,ATR,TPL,GNRC,GXO,NE,CIEN,IRM,ARW,NGG,HAS,HWM,RNG,CROX,BGC,FLS,ASX,SITE,AM,DLR,SKM,SPHR,STRL,MSI,ENTG,TRN,SSL,AEIS,BLSH,SUZ,HNGE,EXC,Q,SLF,GLW,AEE,ZBH,SMFG,EQIX,IRDM,MGA,VTR,WULF,SOLS,HR,BILL,UCTT,SDRL,MFG,MAR,LASR,TENB,ON,DD,DHT,TSM,IFF,CAT,DGX,FTI,AGCO,JHX,NET,MUFG,KN,CC,DT,LYV,VTRS,ETN,GTX,VCTR,KT,GLNG,ESI,PEG,ZBRA,POST,RRX,AMX,IP,KDP,DDOG,GFS,TER,WMB,MKSI,CTRI,AVNT,UAA,FROG,FER,CNI,KVUE,AMT,CLMT,VIV,VNT,HTHT,HUBB,FE,ATI,VISN,USFD,HG,STRC,BIP,HUBS,MT,VSAT,CNP,NVS,VRNS,FIX,HAFN,WAB,NRG,PEGA,DAN,MTZ,PRIM,PWR,OII,WELL,WBI,ECL,BRX,LITE,MKTX,LEVI,SBAC,ARMK,T,OGE,NTST,UHS,KR,OHI,SM,SBRA,ETR,MKC,CORZ,HXL,AHR,TOL,EIX,GCMG,MWA,NATL,CVE,LNT,OLED,OTEX,PCG,CP,CE,NG,AEP,FTNT,KMT,FORM,ECG,AROC,SIMO,ITUB,GTES,FBIN,BX,KO,BBIO,UNP,DOV,GEN,CRDO,BSY,PFGC,TXT,GIL,ACHC,TRGP,QXO,ACMR,UDR,TEX,IMO,DTE,CCI,NI,CLX,SONY,LYG,BG,SRE,PPG,CRWV,LUMN,TSEM,TAP,NBIS,UA,KLIC,ALGN,TKR,WMT,TIGO,CWEN,DUK,TW,KGS,OWL,EVRG,GEV,TMUS,CCEP"
2026-02-13,212,"NKTR,FSLY,IPGP,VAL,GCMG,TDC,RIG,TGNA,CGNX,MGA,SW,SKM,BWA,RNG,GNRC,TPH,NE,LSCC,STM,PHG,VNET,AM,NGG,HAS,CROX,SWX,AKAM,GXO,SUZ,BUD,EQIX,TPL,ENB,TEX,RACE,VRT,THC,OSW,HNGE,IRM,SLF,IFF,SPHR,NET,IRDM,SOLS,TRN,SSL,AEIS,TMUS,EXC,ATMU,AEE,HWM,AER,ZBH,CURB,NTST,CLMT,FE,LYV,SO,MSI,FHI,HR,UCTT,HASI,LIN,ASX,AGI,WMB,Q,ON,DD,DHT,DGX,JHX,AMT,SBRA,DT,VTRS,SN,DTE,NI,EIX,KT,SRE,USFD,MAS,LNT,SDRL,DUK,PPL,TRP,CNP,AMX,AEP,MAR,GFS,WAB,SITE,AVNT,LB,WELL,SHOP,CNI,KVUE,SBAC,OGE,WEC,KR,OHI,ACHC,ETR,QXO,PNW,GTX,VISN,ENTG,ESI,POR,AWK,FTS,PEG,SPOT,PCG,ST,HUBS,FLS,NVS,EVRG,AMAT,HAFN,PEGA,DOCN,DLR,SPXC,GLW,KBH,GTES,WBI,SKY,LASR,MKTX,CMS,T,STRL,RELX,AQN,GRMN,SM,CC,ATI,HCA,TOL,MPLX,NNN,ED,EPD,RIVN,ES,WES,D,KDP,DDOG,RAL,MKSI,MTH,BLSH,OII,SIMO,CAT,DAR,BRX,FRMI,NRG,RPRX,VIV,HTHT,HUBB,WPC,KMB,FROG,KMI,ET,TRGP,BKD,TMHC,ETN,KIM,AHR,VTR,CLX,BG,O,HG,AAP,EOG,NYT,LNTH,PAA,ADC,RCI,MT,WM,NEE,AVA,GEV,PAGP,XEL,VRTX,CCEP"
2026-02-17,199,"NKTR,FSLY,CROX,SWX,SW,TDC,MASI,IPGP,MGA,GNRC,SKM,CGNX,TEX,SOLS,TPH,THC,HNGE,ZIM,BWA,AM,EQIX,AKAM,GXO,LSCC,PHG,TMUS,VNET,WAB,EXC,NGG,CURB,NTST,TPL,RACE,HR,CCEP,RIG,SLF,DHT,HAS,SBAC,IRDM,KNF,GCMG,TRN,VRT,SUZ,HASI,MAR,SON,DTE,IRM,VAL,IFF,AEE,WELL,HWM,AER,SPHR,ZBH,RNG,CLMT,SBRA,MSI,JHG,KD,SSL,USFD,AEIS,SPOT,ETOR,BUD,DD,ATMU,NVS,AMT,PFGC,FE,SO,VTR,NI,EIX,MPLX,KT,NE,HG,MAS,LNTH,FTS,LNT,DUK,PPL,CNP,AMX,AEP,AVNT,ON,SPXC,ES,DAR,ECL,BRX,DGX,JHX,OHI,ETR,QXO,PNW,KIM,ENB,SN,ATI,NNN,BGC,AWK,PEG,ED,CTRE,UCTT,OTIS,PCG,ST,FLS,PAGP,LIN,WMB,PEGA,MKSI,ACLS,Q,GSK,SKY,CMS,NRG,T,OGE,UHS,NET,RELX,GRMN,SM,ACHC,AHR,HCA,WAY,GTX,F,ENTG,SRE,O,PAA,ATO,EPD,ADC,WES,HUBS,MT,EVRG,SITE,DOCN,MTH,LB,NOW,GTES,CAT,STM,SUI,CNI,DHI,H,KO,RPRX,ELF,VIV,CC,NJR,COKE,BKD,SGHC,TMHC,ETN,CCI,TOL,FHI,AAP,ESI,NYT,POR,HLT,OSW,NATL,NCLH,WTW,D,TRP,CP,KRG,GEV,AMAT"
2026-02-18,155,"FSLY,IPGP,CROX,MGA,SW,MASI,CCEP,CGNX,GNRC,TPH,AKAM,TDC,ZIM,TEX,SOLS,THC,LBTYA,SON,RIG,GXO,SSL,NKTR,MCW,SKM,BWA,DHT,EQIX,GRMN,SWX,CURB,IRDM,AEIS,HNGE,VAL,SM,IFF,HWM,GPN,SPHR,CLMT,PFGC,KNF,MSI,TRN,BGC,SUZ,CSTM,VRSK,BUD,EXC,NGG,DAR,NTST,SBRA,TPL,JHG,USFD,VRT,LSCC,FRO,HASI,ETOR,TMUS,AMAT,MCO,DTE,WAB,AVNT,SLF,AM,ATMU,NVS,AER,ZBH,ET,ACHC,COKE,QXO,ENB,ATI,HR,NE,EOG,NYT,FTS,HUBS,AMX,PAGP,LIN,AEP,ADI,IRM,PEGA,DAN,GSK,AEE,KVUE,SYK,UHS,RSI,UL,HCA,WAY,KD,GTX,EIX,MPLX,KT,AMRZ,ESI,LNTH,PAA,PCG,WES,MT,VNET,LUV,DOCN,NOK,NOV,CNI,RPRX,JHX,OGE,WDC,NET,ELF,RNG,KMB,CC,IBRX,OVV,BKD,SO,SGHC,AIG,VTR,VC,CBOE,COIN,APA,HG,KNTK,WAT,GLBE,WING,NCLH,ED,OTIS,Q,DUK,TRP,CNP,GEV,ROST"
2026-02-19,132,"RELY,FSLY,MASI,ZIM,IPGP,GRMN,CROX,MGA,TPH,AKAM,CGNX,MCW,IRDM,DE,LBTYA,SON,DHT,TS,TPL,SO,SSL,BGC,SPHR,NTST,RSI,EQIX,KNTK,ESI,FRO,CSTM,CCEP,EXC,WH,SM,HWM,GPN,CLMT,MSI,AMRZ,SKM,COLD,PEGA,CURB,RELX,OXY,RIG,IBRX,KNF,JHG,ENB,ATI,EIX,TRN,FRPT,GLBE,ULS,OTIS,FLR,HUBS,CNP,ETOR,MCO,SSRM,IRM,ATMU,IFF,AEE,FIG,VAL,ET,COKE,MAC,ALC,OMC,NYT,FTS,SPNT,PAGP,AEP,DTE,JLL,HAFN,RNG,FE,CUZ,OVV,NOC,WAY,MPLX,CBOE,SOLS,USFD,NKTR,POR,WING,LNTH,NICE,WTW,PCG,LIN,BUD,GSK,GTES,NBIS,MTDR,DAR,CNI,OGE,SBRA,SGHC,HII,PAYC,NOK,KD,SWX,EBAY,HR,NE,NCLH,LNT,PAA,DUK,ROKU,TW,LASR,PWR,WAB,AMAT,DASH,ROST,ADI,VRSK"
2026-02-20,152,"RELY,RNG,GRMN,OMC,MASI,ZIM,LBTYA,DHT,MGA,TPH,MCW,SON,GPN,SM,TS,TPL,MAC,DE,KNTK,ESI,SSRM,WH,RSI,JHG,NICE,FIG,OXY,NOK,EBAY,AMRZ,FRO,CCEP,CURB,CUZ,IBRX,FR,SEDG,ATI,WAY,SSL,WING,FSLY,FLR,ADI,AGI,JLL,MTDR,SYRE,CLMT,KNF,OVV,FRPT,GLBE,NSA,LIVN,ULS,PAGP,AMAT,DASH,TRMD,FIX,EXR,ATMU,HAFN,FN,XP,ETSY,SKT,ITRI,RIG,COKE,SO,VSEC,ENB,ICLR,ALC,MPLX,CARG,NYT,CNP,SKM,ETOR,TNL,CMBT,COHR,OII,TRGP,NRG,ONON,ELF,PRDO,GE,ET,SOBO,SPG,KIM,CUBE,EIX,KT,HESM,CBOE,COIN,NATL,HOLX,PAA,FIVE,CSTM,KRG,ABNB,MCO,HST,CBRE,CHRW,LYV,SIG,APA,SHOP,RL,KEYS,FTI,AS,UAA,VAL,ACM,NFG,FDX,XPO,SBLK,BAX,AEM,AXTI,EPRT,CAKE,NOG,INSW,HWM,LNTH,LB,UA,LNT,CM,PECO,RUSHA,ST,PPL,VICI,LASR,PWR,WAB,RBA,LIN,ROST"
2026-02-23,99,"RELY,MASI,LBTYA,ACLX,RNG,DHT,MCW,ZIM,WH,GRMN,IBRX,ESI,SON,TPL,GPN,DE,KNTK,OMC,FRPT,OII,TS,OXY,FRO,CCEP,ETSY,RSI,OVV,MAC,SEDG,AMRZ,NICE,TDW,AG,SSRM,SYRE,JHG,FR,ATI,FSM,ULS,FLR,HAFN,CURB,FIG,COKE,NOK,SSL,FBIN,GLBE,LIVN,CSTM,ADI,CMBT,SM,FTI,SYK,SKT,VKTX,ITRI,RDY,KNF,FRT,WAY,EPRT,ALC,CBOE,CAKE,WING,KRG,DPZ,MNST,DASH,ACAD,FIX,TRGP,AGI,MTDR,APA,LITE,TARS,EW,RDN,GE,TRV,DTM,FN,AEM,SO,KIM,EBAY,CELH,COHR,PCVX,NSA,LNT,BCRX,FIVE,CNP,PWR"
2026-02-24,115,"RELY,OMC,RNG,DHT,KEYS,ACLX,IBRX,MCW,LBTYA,TPL,ESI,OII,TARS,SEDG,FRPT,KNTK,UCTT,SSRM,GPN,FIG,ETSY,TS,OXY,GRMN,DRS,VICR,DE,AMRZ,FSM,FRO,TDW,DPZ,AG,HSIC,OVV,HRL,AXTI,SSL,LIVN,ULS,MASI,LASR,KDP,EQX,HAFN,FTI,SYRE,SGHC,ATI,NICE,PWR,AUGO,DEO,XP,DTM,COKE,SO,CME,JHG,MAC,GLW,WSC,EBAY,GLBE,FLR,TRMD,VNOM,CMBT,WH,ITRI,AGI,DAN,BKR,AEM,SOBO,EPRT,CELH,AU,PCVX,PBR,ADI,OBDC,FIX,SUZ,SVM,SM,TRGP,MTDR,APA,OGE,VIAV,RSI,RDN,RDY,FN,NOK,EIX,CAKE,COHR,WLK,INSW,LGN,EOG,POR,FBIN,CHD,ASX,BHP,WDS,TW,ALM,XEL,LIN,PYPL,DASH"
2026-02-25,114,"ACLX,OMC,FIG,KEYS,RELY,RNG,JAZZ,DHT,YOU,SUPN,CAVA,TPL,SGHC,PPL,TARS,OII,AXTI,VICR,UCTT,ETSY,TS,IBRX,LIVN,CRCL,VIAV,OXY,ACHC,FSM,SLDE,ULS,ECG,TDW,AUGO,SAN,FRPT,COHR,SKT,RDN,HSBC,SO,SEDG,GLW,REZI,PWR,LINE,VNOM,BHP,CURB,TRI,FTI,SYRE,AG,DTM,COKE,ALB,SOBO,ATI,SSL,ESI,LGN,BTI,COCO,CNP,DPZ,AROC,LITE,LASR,VIV,SUZ,WDS,XP,OGE,PRDO,ADEA,ELAN,NGG,WK,FN,MAC,AM,ALC,EIX,EBAY,CELH,HR,AU,FRO,PBR,AAOI,AXIA,OBDC,KDP,FIX,WH,BRX,AXON,AGI,CCC,FE,JHG,SFM,WULF,TECK,WLK,PCVX,PG,CM,ASX,NICE,EQX,AMX,XEL,LIN,PYPL"
2026-02-26,112,"KEYS,ACLX,RNG,JHG,VICR,YOU,CAVA,JAZZ,FTDR,DHT,CRCL,TARS,SEZL,SGHC,SUPN,PPL,AXON,PRMB,ECG,ACHC,AXTI,SLDE,LIVN,SJM,TPL,HSBC,ADEA,NGG,IBRX,GLW,VAC,OUT,HG,UCTT,AROC,AUGO,LASR,FRPT,VNOM,SUZ,EPR,TRI,FTI,SKT,VIAV,DTM,FIGS,REZI,IMAX,PRVA,FIG,CM,CURB,SYRE,HSIC,RELX,PRDO,AG,COKE,CME,KIM,SEDG,ATI,TRMD,SFM,CELH,FSM,LGN,BIP,ALSN,TKO,BHP,ALM,ORLA,HXL,SUI,OGE,RDN,WK,SOBO,AM,HR,AU,FRO,MCW,TIGO,TDW,CRSP,KGS,AMX,ABNB,MNST,SAN,KDP,HAFN,COHR,BRX,EW,AGI,BSY,DRS,FR,LOAR,WULF,TECK,MTZ,FNV,LB,ATO,Q,CNP,AXIA"
2026-02-27,123,"KEYS,ACLX,FIGS,YOU,DELL,FTDR,DHT,CRCL,ACHC,JHG,SUPN,CAVA,NFLX,JAZZ,XRAY,AXON,PRMB,SJM,PSKY,BWIN,IMAX,SLDE,LIVN,Q,PPL,XYZ,AROC,TPL,SEZL,TRMD,NATL,BCRX,AAOI,FRPT,INSW,SUZ,ALM,TRI,TARS,RELX,HSBC,BSY,GLW,OUT,AFG,ECG,AMX,VIV,SUI,EW,ADEA,NGG,SBLK,IBRX,AXTI,DRS,CVI,VICR,WLK,CZR,AWK,LNT,FRO,ALSN,TDW,PRVA,BVN,PPTA,HAFN,TYL,MKTX,SKT,VIAV,CCC,COKE,SGHC,PAYC,RSG,FWONK,PG,TIGO,EVRG,NG,CEG,AUGO,FROG,LASR,EPR,INTU,GWRE,COHR,WBI,BRX,CMS,LNG,OGE,AES,LFST,HSY,CME,LOAR,MCD,NI,ALC,VAC,CELH,MTZ,LB,WTRG,UCTT,ATO,PTGX,STNG,CTVA,DUK,WM,KGS,CNP,TKO,AXIA,ABNB,VRSK,CCEP"
2026-03-02,176,"KEYS,CRCL,FIGS,LASR,DELL,DRS,YOU,DHT,ACHC,JHG,FTDR,VIAV,AXON,NATL,SUPN,FRO,CAVA,PSKY,NFLX,XRAY,PRMB,VAC,COHR,SLDE,AAOI,LNG,SEZL,BWIN,BSY,AXTI,TRMD,OUT,ECG,XYZ,AROC,JAZZ,CNK,TRI,LOAR,IMAX,LIVN,AMX,ALM,TKO,KGS,DK,SBLK,SUI,RELX,SGHC,CVI,WLK,MRX,VG,BCRX,WTRG,UCTT,CRGY,WIX,PRVA,SJM,INSW,WDAY,INTU,GWRE,GLW,EQNR,VICR,APA,AFG,MIAX,LAMR,TIGO,WDS,Q,ALSN,NG,VRSK,RTX,DAVE,ZS,GDDY,HAFN,VLO,TARS,ADEA,COKE,PAYC,NOK,REZI,MTZ,TMDX,PARR,MTDR,PPL,PBF,COP,AR,FROG,RRC,VNOM,MPC,PBR,STNG,PPTA,EXPE,LITE,FRSH,MKTX,SKT,LHX,LFST,CCC,POWI,NFG,DT,CHRD,CME,QSR,DOCU,CUBE,TXG,SCI,CZR,EOG,CARG,NYT,RSG,LNT,FWONK,WM,LINE,PAGP,FANG,BKNG,AUGO,ADMA,CNX,STEP,FRPT,HUBS,KNTK,WBI,BRX,LMT,RPRX,RCUS,OXY,PTEN,SM,VIRT,NGG,RDNT,CHYM,SOBO,SRAD,EPRT,PBA,NI,AM,NTNX,HESM,FAF,LNTH,LB,PR,MEOH,CRC,AME,RCI,CTVA,CRSP,CP,BL,AXIA,ABNB"
2026-03-03,133,"INGM,CRCL,FIGS,FTDR,LNG,DELL,YOU,NFLX,ACHC,NATL,AAOI,AXON,BSY,JHG,TRMD,VAC,PSKY,DAVE,VG,BCRX,KGS,HAFN,DHT,SEZL,BWIN,PRMB,KTB,CAVA,XYZ,LASR,INSW,CNK,DK,VIAV,SEM,LOAR,APA,OUT,FRO,ECG,INTU,AROC,JAZZ,WDAY,SBLK,COHR,IMAX,PRVA,SJM,TRI,CVI,SLDE,CF,CRGY,WDS,WIX,CNX,ZS,GWRE,VLO,EQNR,AXTI,NOK,TXG,AFG,CZR,NYT,RSG,LNTH,PARR,MTDR,TDW,PBF,ALM,PAGP,AR,DRS,RRC,MPC,MKTX,SKT,CCC,NFG,CHRD,PAYC,NTNX,CARG,TMDX,MUR,WM,TKO,TTD,BKNG,RTX,AUGO,GLNG,ADMA,KNTK,SUI,FRSH,LMT,RPRX,RELX,LFST,OXY,PTEN,SM,COKE,PNW,SOBO,ENB,QSR,VICR,SNN,MTZ,FRPT,EOG,SUPN,LB,PR,WTRG,PAA,LAMR,CRC,DBX,TIGO,CVS,PPL,COP,TFX,NG,FANG,VRSK"
2026-03-04,137,"INGM,FIGS,FTDR,LNG,PPLC,DELL,NATL,AAOI,BSY,LOAR,DAVE,KTB,TRMD,PSKY,NFLX,GLNG,VAC,VG,BCRX,CRGY,SJM,CRCL,HAFN,SM,JHG,APA,PARR,XYZ,LASR,INSW,CNK,BTSG,DK,DNTH,IMAX,WIX,PBF,PRVA,ROST,ODFL,SEZL,SEM,BWIN,CHRD,PRMB,WTRG,INTU,RTX,DINO,LYB,NICE,MPC,KGS,AROC,VLO,NOK,OUT,MEOH,BBY,WDS,PAGP,CNX,STNG,VIAV,EQNR,CVI,BOX,CZR,RSG,TMDX,LB,MTDR,TIGO,WM,ALM,NG,DRS,PSX,TRGP,NOC,GDDY,GWRE,RPRX,NFG,TALO,VRSN,WRBY,NOG,CARG,PR,PAA,SPOT,ADSK,AR,ADMA,STEP,KNTK,ZS,SBLK,RRC,FRSH,ACLX,AGI,OXY,PTEN,KNX,DTM,COKE,PNW,MRNA,EYE,ENB,KMT,SSRM,NTNX,YOU,KRMN,TXG,SRRK,MTZ,COHR,AFG,JBHT,FRPT,EOG,AWK,LNTH,LAMR,CRC,DBX,ALSN,TDW,COP,TFX,CRWD,VRSK,TTD"
2026-03-05,96,"INGM,DELL,VG,FIGS,AAOI,PPLC,KTB,MEOH,LNG,NATL,WIX,XYZ,CF,ROST,NFLX,GLNG,EQNR,VISN,PARR,PBF,BTSG,DK,SM,CHRD,DAVE,MTDR,CRGY,FANG,TTD,AR,LYB,CRCL,SEM,AMPX,APA,DNTH,SOC,DINO,CARG,VLO,CVI,NOK,GWRE,EOG,BCRX,CRC,TNGX,WDS,PAGP,INTU,MPC,BOX,SRRK,PAA,WM,ALM,PSKY,ADSK,MGY,DRS,PSX,NICE,ODFL,CNK,KGS,BWIN,BSY,TALO,QSR,INTA,PR,DBX,EXPE,NTR,VIST,SU,STNG,HAFN,ROIV,RRC,BP,FTDR,CRDO,PTEN,NFG,DT,MTZ,OUT,COHR,FRPT,FSLY,HOLX,BBY,COP,CRWD,BKNG"
2026-03-06,80,"PPLC,DAWN,AMPX,VG,WIX,EQNR,LNG,KTB,CF,CHRD,TNGX,GLNG,LYB,GWRE,SEM,IOT,DAVE,SOC,PARR,PBF,TTD,VIST,CRCL,MPC,INGM,DNTH,MTDR,CRC,CRGY,AAOI,WDS,FANG,DK,CLMT,OXY,PAA,MRVL,CARG,VLO,KR,SM,BBY,ROST,PSX,PBR,QSR,SRRK,NOG,DBX,ALM,EXPE,PAGP,RTX,NTR,CNQ,JD,DRS,DINO,NTES,SU,SOBO,BTSG,LMT,PTEN,CVI,NOW,PAYC,FIGS,VCTR,BOX,APA,EOG,OKTA,PR,EPD,QTWO,BP,COP,LASR,PINS"
2026-03-09,44,"DAWN,DNTH,XENE,PPLC,AMPX,WIX,LYB,TNGX,SEM,IOT,CHRD,KTB,SOC,AAOI,CRCL,PBR,WDS,INGM,DAVE,HIMS,JD,VG,CF,MEOH,ROIV,KR,ADEA,DBX,EQNR,LAUR,WGS,CNQ,BTSG,PRDO,MRNA,QSR,SRRK,IHS,FSLY,PAA,BBY,WM,BP,EXPE"
2026-03-10,41,"DAWN,AMPX,DNTH,PPLC,XENE,TNGX,LYB,WIX,JD,DYN,IOT,SOC,NIO,AAOI,FIGR,KC,WDS,CHRD,VISN,HIMS,CF,XPEV,SNDX,ADEA,SSL,VRT,CRCL,PBR,ROIV,LNTH,SAN,CRGY,NET,PRDO,SEM,DAVE,FSLY,PARR,HOLX,BP,LASR"
2026-03-11,45,"AMPX,DNTH,PBR,CF,DAWN,XENE,DYN,EC,SOC,CHRD,IOT,HIMS,TNGX,EQNR,NTR,SSL,VRT,BP,LYB,CNQ,YPF,SNDX,VISN,AAOI,XPEV,ADEA,NIO,JD,CRCL,MOS,VG,MEOH,PTEN,FIGR,ADM,LNTH,AXTI,WDS,TTE,NBIS,FSLY,DOCN,KC,WIX,RTO"
2026-03-12,46,"MOS,DNTH,CF,DAWN,XENE,PBR,NTR,SSL,EQNR,OXY,LYB,MEOH,BP,BG,XPEV,DYN,HIMS,VRT,NIO,CHRD,ADM,TTE,EC,SNDX,DOW,DAR,ADEA,AMPX,SOC,CNQ,SHEL,PTEN,FIGR,IOT,CNR,CRCL,WDS,LAUR,YPF,VIST,PRDO,PSX,STRC,AWK,FSLY,KC"
2026-03-13,46,"SSL,XENE,HIMS,CF,NIO,ADEA,DNTH,DYN,NTR,MOS,AXTI,LAUR,OXY,TTE,STRC,NBIS,BG,PBR,CGON,PTEN,XPEV,LYB,VIST,ADM,CNR,UNFI,MEOH,EQNR,DAWN,CHRD,LBRT,SOC,CRCL,CE,SNDX,DOW,DAR,PRDO,FIGR,AMPX,PSX,VISN,VRT,LNTH,BP,SU"
