code,futu_code,name_zh,exchange_type,cur_price,market_cap_hkd,market_cap_yi,avg_turnover_20d,suspended,name_en,decision,reason
00700,HK.00700,腾讯控股,HK_MAINBOARD,510.5,4658617593178.0,46586.2,258740551979.0,False,,keep,WL_ZH:腾讯
80700,HK.80700,腾讯控股-R,HK_MAINBOARD,444.4,4055415589438.4,40554.2,156372460.0,False,TENCENT-R,keep,WL_ZH:腾讯
03750,HK.03750,宁德时代,HK_MAINBOARD,692.0,3158343448576.0,31583.4,41556667532.0,False,CATL,keep,WL_ZH:宁德
09988,HK.09988,阿里巴巴-W,HK_MAINBOARD,136.4,2609884588863.2,26098.8,252864624727.0,False,,keep,WL_ZH:阿里
89988,HK.89988,阿里巴巴-WR,HK_MAINBOARD,118.9,2275038692198.2,22750.4,247906030.0,False,BABA-WR,keep,WL_ZH:阿里
00941,HK.00941,中国移动,HK_MAINBOARD,81.45,1763998453139.4,17640.0,34898970544.0,False,CHINA MOBILE,keep,WL_ZH:中国移动
80941,HK.80941,中国移动-R,HK_MAINBOARD,71.2,1542009697526.4,15420.1,180772256.0,False,CHINA MOBILE-R,keep,WL_ZH:中国移动
01211,HK.01211,比亚迪股份,HK_MAINBOARD,111.4,1015655808741.0,10156.6,74977680470.0,False,,keep,WL_ZH:比亚迪
81211,HK.81211,比亚迪股份-R,HK_MAINBOARD,97.0,884368163805.0,8843.7,38916870.0,False,BYD COMPANY-R,keep,WL_ZH:比亚迪
01810,HK.01810,小米集团-W,HK_MAINBOARD,32.0,828757494400.0,8287.6,128003284992.0,False,,keep,WL_ZH:小米
81810,HK.81810,小米集团-WR,HK_MAINBOARD,27.88,722054966996.0,7220.5,110313468.0,False,XIAOMI-WR,keep,WL_ZH:小米
00300,HK.00300,美的集团,HK_MAINBOARD,89.4,679862914924.8,6798.6,6961347785.0,False,MIDEA GROUP,keep,WL_ZH:美的
09999,HK.09999,网易-S,HK_MAINBOARD,182.3,581653767889.8,5816.5,18314349395.0,False,NTES-S,keep,WL_ZH:网易
00386,HK.00386,中国石油化工股份,HK_MAINBOARD,4.56,551420344852.32,5514.2,16825860886.0,False,SINOPEC CORP,keep,WL_ZH:化工
03690,HK.03690,美团-W,HK_MAINBOARD,86.5,534085368180.0,5340.9,108809044906.0,False,,keep,WL_ZH:美团
00981,HK.00981,中芯国际,HK_MAINBOARD,59.35,475578948511.65,4755.8,73621673554.0,False,,keep,WL_ZH:中芯
83690,HK.83690,美团-WR,HK_MAINBOARD,75.4,465549557928.0,4655.5,66764536.0,False,MEITUAN-WR,keep,WL_ZH:美团
00728,HK.00728,中国电信,HK_MAINBOARD,4.9,448384979625.1,4483.8,5075127114.0,False,CHINA TELECOM,keep,WL_EN:TELECOM
01276,HK.01276,恒瑞医药,HK_MAINBOARD,66.4,440710071633.6,4407.1,5897024994.0,False,,keep,WL_ZH:医药
02513,HK.02513,智谱,HK_MAINBOARD,891.0,397246193190.0,3972.5,35562846771.0,False,KNOWLEDGE ATLAS,keep,no_match
00267,HK.00267,中信股份,HK_MAINBOARD,12.82,372937166916.6,3729.4,4232449979.0,False,CITIC,keep,no_match
02359,HK.02359,药明康德,HK_MAINBOARD,122.9,366703754349.5,3667.0,11470082906.0,False,WUXI APPTEC,keep,WL_ZH:药明
09618,HK.09618,京东集团-SW,HK_MAINBOARD,122.6,334899243609.0,3349.0,28508742168.0,False,JD-SW,keep,WL_ZH:京东
09888,HK.09888,百度集团-SW,HK_MAINBOARD,121.9,331814393056.8,3318.1,24094741067.0,False,BIDU-SW,keep,WL_ZH:百度
03986,HK.03986,兆易创新,HK_MAINBOARD,430.8,302034935890.8,3020.3,14988362688.0,False,GIGADEVICE,keep,WL_ZH:兆易
06160,HK.06160,百济神州,HK_MAINBOARD,193.2,297802171665.6,2978.0,15195522842.0,False,BEONE MEDICINES,keep,WL_ZH:百济
09961,HK.09961,携程集团-S,HK_MAINBOARD,427.6,279480827523.2,2794.8,17809532501.0,False,TRIP.COM-S,keep,no_match
02338,HK.02338,潍柴动力,HK_MAINBOARD,31.5,274440508524.0,2744.4,13456871864.0,False,WEICHAI POWER,keep,WL_ZH:潍柴
00100,HK.00100,MINIMAX-W,HK_MAINBOARD,859.0,269412729572.0,2694.1,33302464219.0,False,MINIMAX-W,keep,no_match
00175,HK.00175,吉利汽车,HK_MAINBOARD,24.72,266969493621.84,2669.7,50967794103.0,False,GEELY AUTO,keep,WL_EN:AUTO
06809,HK.06809,澜起科技,HK_MAINBOARD,209.4,255928684397.4,2559.3,7273914450.0,False,MONTAGE TECH,keep,WL_EN:TECH
00001,HK.00001,长和,HK_MAINBOARD,64.05,245314350225.0,2453.1,10138410715.0,False,CKH HOLDINGS,keep,no_match
03692,HK.03692,翰森制药,HK_MAINBOARD,39.76,241110606783.2,2411.1,8245574661.0,False,HANSOH PHARMA,keep,WL_EN:PHARMA
02020,HK.02020,安踏体育,HK_MAINBOARD,85.1,237995195830.0,2380.0,17716069156.0,False,ANTA SPORTS,keep,no_match
00762,HK.00762,中国联通,HK_MAINBOARD,7.32,223978270205.4,2239.8,4041506846.0,False,CHINA UNICOM,keep,WL_ZH:联通
09992,HK.09992,泡泡玛特,HK_MAINBOARD,159.1,213359965165.0,2133.6,117182893111.0,False,,keep,no_match
01024,HK.01024,快手-W,HK_MAINBOARD,46.46,201964027185.52,2019.6,51938557102.0,False,,keep,WL_ZH:快手
00669,HK.00669,创科实业,HK_MAINBOARD,109.2,199807601557.2,1998.1,11778585057.0,False,TECHTRONIC IND,keep,WL_EN:TECH
06031,HK.06031,三一重工,HK_MAINBOARD,21.52,197876495484.24,1978.8,1756403614.0,False,SANY HEAVY IND,keep,WL_EN:HEAVY IND
06690,HK.06690,海尔智家,HK_MAINBOARD,20.98,196742670057.0,1967.4,10009763192.0,False,HAIER SMARTHOME,keep,WL_EN:SMART
00788,HK.00788,中国铁塔,HK_MAINBOARD,11.03,194137343535.06,1941.4,3248589037.0,False,CHINA TOWER,keep,WL_ZH:铁塔
00002,HK.00002,中电控股,HK_MAINBOARD,74.15,187336309765.5,1873.4,4426305394.0,False,CLP HOLDINGS,keep,no_match
09973,HK.09973,奇瑞汽车,HK_MAINBOARD,31.24,181460805610.92,1814.6,4100750374.0,False,CHERY AUTO,keep,WL_EN:AUTO
06936,HK.06936,顺丰控股,HK_MAINBOARD,35.48,178798990911.32,1788.0,1369923958.0,False,SF HOLDING,keep,no_match
01772,HK.01772,赣锋锂业,HK_MAINBOARD,81.85,171614436967.4,1716.1,23779746032.0,False,GANFENGLITHIUM,keep,WL_ZH:锂
06869,HK.06869,长飞光纤光缆,HK_MAINBOARD,206.0,170548452248.0,1705.5,102053410772.0,False,,keep,WL_ZH:光纤
01816,HK.01816,中广核电力,HK_MAINBOARD,3.25,164120976327.75,1641.2,7727916083.0,False,CGN POWER,keep,no_match
03606,HK.03606,福耀玻璃,HK_MAINBOARD,62.65,163500432279.8,1635.0,2838428230.0,False,FUYAO GLASS,keep,no_match
01038,HK.01038,长江基建集团,HK_MAINBOARD,64.6,162766867047.0,1627.7,2794973200.0,False,CKI HOLDINGS,keep,no_match
01801,HK.01801,信达生物,HK_MAINBOARD,91.5,158769980068.5,1587.7,22697127242.0,False,INNOVENT BIO,keep,WL_EN:BIO
01347,HK.01347,华虹半导体,HK_MAINBOARD,90.5,157255713466.5,1572.6,31987171811.0,False,HUA HONG SEMI,keep,WL_ZH:华虹
06618,HK.06618,京东健康,HK_MAINBOARD,48.46,155594161879.06,1555.9,7271474228.0,False,JD HEALTH,keep,WL_EN:HEALTH
00027,HK.00027,银河娱乐,HK_MAINBOARD,34.92,152923085663.04,1529.2,7283914124.0,False,GALAXY ENT,keep,no_match
02057,HK.02057,中通快递-W,HK_MAINBOARD,194.7,148692804905.7,1486.9,9046620781.0,False,ZTO EXPRESS-W,keep,no_match
06656,HK.06656,思格新能,HK_MAINBOARD,600.0,148078158000.0,1480.8,5738204099.0,False,,keep,no_match
02269,HK.02269,药明生物,HK_MAINBOARD,35.72,147801981533.92,1478.0,21700521123.0,False,WUXI BIO,keep,WL_EN:BIO
01766,HK.01766,中国中车,HK_MAINBOARD,5.14,147512161412.32,1475.1,2758002328.0,False,CRRC,keep,no_match
06886,HK.06886,HTSC,HK_MAINBOARD,16.27,146867073798.22,1468.7,2895254324.0,False,HTSC,keep,no_match
02015,HK.02015,理想汽车-W,HK_MAINBOARD,71.45,146494585052.1,1464.9,16717126322.0,False,LI AUTO-W,keep,WL_EN:AUTO
01171,HK.01171,兖矿能源,HK_MAINBOARD,14.39,144439345028.16,1444.4,17146700706.0,False,YANKUANG ENERGY,keep,no_match
01072,HK.01072,东方电气,HK_MAINBOARD,41.72,144282792800.72,1442.8,11708972336.0,False,DONGFANG ELEC,keep,no_match
02423,HK.02423,贝壳-W,HK_MAINBOARD,42.3,142368835092.3,1423.7,8798596153.0,False,BEKE-W,keep,no_match
01928,HK.01928,金沙中国有限公司,HK_MAINBOARD,17.55,142038811383.3,1420.4,3483270789.0,False,SANDS CHINA LTD,keep,no_match
09927,HK.09927,赛力斯,HK_MAINBOARD,80.55,140316898677.3,1403.2,1313246132.0,False,SERES,keep,no_match
00992,HK.00992,联想集团,HK_MAINBOARD,11.3,140172650112.6,1401.7,17655682515.0,False,LENOVO GROUP,keep,no_match
09926,HK.09926,康方生物,HK_MAINBOARD,151.0,139092619576.0,1390.9,23793985027.0,False,AKESO,keep,WL_ZH:康方
00688,HK.00688,中国海外发展,HK_MAINBOARD,12.54,137248839528.9,1372.5,6221966817.0,False,CHINA OVERSEAS,keep,no_match
09866,HK.09866,蔚来-SW,HK_MAINBOARD,54.5,136558852699.0,1365.6,6009621983.0,False,NIO-SW,keep,WL_ZH:蔚来
01880,HK.01880,中国中免,HK_MAINBOARD,65.65,136407349678.6,1364.1,2052254042.0,False,CTG DUTY-FREE,keep,no_match
00358,HK.00358,江西铜业股份,HK_MAINBOARD,39.12,135461974323.6,1354.6,11570699988.0,False,JIANGXI COPPER,keep,no_match
00288,HK.00288,万洲国际,HK_MAINBOARD,10.54,135230514057.0,1352.3,6854925091.0,False,WH GROUP,keep,no_match
02050,HK.02050,三花智控,HK_MAINBOARD,31.84,133983163690.4,1339.8,6000330647.0,False,SANHUA,keep,no_match
00003,HK.00003,香港中华煤气,HK_MAINBOARD,7.17,133791268602.66,1337.9,3918347176.0,False,,keep,no_match
09868,HK.09868,小鹏集团-W,HK_MAINBOARD,69.7,133284424489.7,1332.8,22275900337.0,False,XPENG-W,keep,WL_ZH:小鹏
01179,HK.01179,华住集团-S,HK_MAINBOARD,43.14,132728025673.8,1327.3,2539382185.0,False,HWORLD-S,keep,no_match
09987,HK.09987,百胜中国,HK_MAINBOARD,374.6,131392866828.2,1313.9,5976732104.0,False,YUM CHINA,keep,no_match
01698,HK.01698,腾讯音乐-SW,HK_MAINBOARD,39.68,122921061437.44,1229.2,2390746385.0,False,TME-SW,keep,WL_ZH:腾讯
80992,HK.80992,联想集团-R,HK_MAINBOARD,9.84,122061847531.68,1220.6,67626440.0,False,LENOVO GROUP-R,keep,no_match
06990,HK.06990,科伦博泰生物,HK_MAINBOARD,520.0,121256703880.0,1212.6,5873273408.0,False,SKB BIO-B,keep,WL_EN:BIO
09980,HK.09980,东鹏饮料,HK_MAINBOARD,208.6,117810750820.0,1178.1,1101767580.0,False,EASTROC,keep,no_match
06082,HK.06082,壁仞科技,HK_MAINBOARD,47.8,116577436300.0,1165.8,6198242963.0,False,BIREN TECH,keep,WL_EN:TECH
03808,HK.03808,中国重汽,HK_MAINBOARD,41.26,113918585167.14,1139.2,12425236005.0,False,SINOTRUK,keep,no_match
01929,HK.01929,周大福,HK_MAINBOARD,11.44,112854966224.0,1128.5,3473706149.0,False,CHOW TAI FOOK,keep,no_match
02333,HK.02333,长城汽车,HK_MAINBOARD,13.17,112707177730.05,1127.1,4725598203.0,False,GWMOTOR,keep,no_match
01177,HK.01177,中国生物制药,HK_MAINBOARD,6.0,112472203380.0,1124.7,10148438216.0,False,SINO BIOPHARM,keep,WL_ZH:生物
00763,HK.00763,中兴通讯,HK_MAINBOARD,23.3,111456362867.1,1114.6,5828813462.0,False,ZTE,keep,no_match
09660,HK.09660,地平线机器人-W,HK_MAINBOARD,7.5,109789475887.5,1097.9,17142716049.0,False,HORIZONROBOT-W,keep,no_match
02097,HK.02097,蜜雪集团,HK_MAINBOARD,286.6,108798748080.0,1088.0,3349467294.0,False,MIXUE GROUP,keep,no_match
00914,HK.00914,海螺水泥,HK_MAINBOARD,20.2,107045912095.8,1070.5,3768164658.0,False,CONCH CEMENT,keep,no_match
02618,HK.02618,京东物流,HK_MAINBOARD,15.87,105892285721.64,1058.9,4302439497.0,False,JD LOGISTICS,keep,WL_ZH:京东
09903,HK.09903,天数智芯,HK_MAINBOARD,415.0,105541860440.0,1055.4,6819743299.0,False,ILUVATAR COREX,keep,no_match
03317,HK.03317,迅策,HK_MAINBOARD,325.4,105004757760.0,1050.0,30246013139.0,False,XUNCE,keep,no_match
01093,HK.01093,石药集团,HK_MAINBOARD,8.96,103241167518.72,1032.4,17559538903.0,False,CSPC PHARMA,keep,WL_EN:PHARMA
01208,HK.01208,五矿资源,HK_MAINBOARD,8.42,102223266102.72,1022.2,8089125416.0,False,MMG,keep,no_match
09696,HK.09696,天齐锂业,HK_MAINBOARD,58.6,99985956003.8,999.9,7022611718.0,False,TIANQI LITHIUM,keep,WL_ZH:锂
00390,HK.00390,中国中铁,HK_MAINBOARD,4.05,99979198812.45,999.8,2817217160.0,False,CHINA RAILWAY,keep,no_match
00501,HK.00501,豪威集团,HK_MAINBOARD,78.55,99063166209.65,990.6,1044117324.0,False,OMNIVISION,keep,no_match
01876,HK.01876,百威亚太,HK_MAINBOARD,7.4,98001137800.0,980.0,2410167979.0,False,BUD APAC,keep,no_match
00902,HK.00902,华能国际电力股份,HK_MAINBOARD,6.19,97171197892.21,971.7,5040903588.0,False,HUANENG POWER,keep,no_match
03908,HK.03908,中金公司,HK_MAINBOARD,19.82,95676231123.76,956.8,5876840982.0,False,CICC,keep,no_match
01308,HK.01308,海丰国际,HK_MAINBOARD,35.26,95201577444.16,952.0,4138247562.0,False,SITC,keep,no_match
06881,HK.06881,中国银河,HK_MAINBOARD,8.67,94801267559.52,948.0,3963473586.0,False,CGS,keep,no_match
01913,HK.01913,普拉达,HK_MAINBOARD,36.96,94574135040.0,945.7,1562385232.0,False,PRADA,keep,no_match
06823,HK.06823,香港电讯-SS,HK_MAINBOARD,12.46,94476684051.54,944.8,2394742456.0,False,HKT-SS,keep,no_match
01519,HK.01519,极兔速递-W,HK_MAINBOARD,10.5,93374856802.5,933.7,7386121104.0,False,,keep,no_match
06613,HK.06613,蓝思科技,HK_MAINBOARD,17.6,92905839312.0,929.1,4781364770.0,False,LENS,keep,WL_ZH:科技
00316,HK.00316,东方海外国际,HK_MAINBOARD,138.2,91263589645.4,912.6,3539046613.0,False,OOIL,keep,no_match
01888,HK.01888,建滔积层板,HK_MAINBOARD,28.26,88604284500.0,886.0,15487553890.0,False,KB LAMINATES,keep,no_match
01768,HK.01768,鸣鸣很忙,HK_MAINBOARD,406.4,88529281920.0,885.3,1279719012.0,False,BUSYMING,keep,no_match
00753,HK.00753,中国国航,HK_MAINBOARD,5.02,87591073420.0,875.9,4024265719.0,False,AIR CHINA,keep,no_match
00470,HK.00470,先导智能,HK_MAINBOARD,51.6,86389825994.4,863.9,1454605756.0,False,WUXI LEAD,keep,WL_ZH:智能
00670,HK.00670,中国东方航空股份,HK_MAINBOARD,3.88,85700418279.6,857.0,2857928858.0,False,CHINA EAST AIR,keep,no_match
06862,HK.06862,海底捞,HK_MAINBOARD,14.97,83442780000.0,834.4,7278054764.0,False,HAIDILAO,keep,no_match
00020,HK.00020,商汤-W,HK_MAINBOARD,2.01,81252316380.0,812.5,16050420553.0,False,SENSETIME-W,keep,no_match
09626,HK.09626,哔哩哔哩-W,HK_MAINBOARD,195.0,81241611165.0,812.4,14466691747.0,False,BILIBILI-W,keep,WL_ZH:哔哩哔哩
09863,HK.09863,零跑汽车,HK_MAINBOARD,56.95,80972230531.4,809.7,12826056030.0,False,LEAPMOTOR,keep,no_match
00966,HK.00966,中国太平,HK_MAINBOARD,22.2,79787211543.6,797.9,4943605484.0,False,CHINA TAIPING,keep,no_match
02268,HK.02268,药明合联,HK_MAINBOARD,60.35,76061715137.5,760.6,5958161175.0,False,WUXI XDC,keep,WL_ZH:药明
00241,HK.00241,阿里健康,HK_MAINBOARD,4.7,76023914535.5,760.2,8644222542.0,False,ALI HEALTH,keep,WL_EN:HEALTH
01055,HK.01055,中国南方航空股份,HK_MAINBOARD,4.16,75383219050.88,753.8,2383420270.0,False,CHINA SOUTH AIR,keep,no_match
01800,HK.01800,中国交通建设,HK_MAINBOARD,4.6,74863363435.0,748.6,1411964040.0,False,CHINA COMM CONS,keep,no_match
01989,HK.01989,广合科技,HK_MAINBOARD,158.3,74792789492.3,747.9,9839148109.0,False,DELTON,keep,WL_ZH:科技
01186,HK.01186,中国铁建,HK_MAINBOARD,5.46,74144296590.0,741.4,709128734.0,False,CHINA RAIL CONS,keep,no_match
09901,HK.09901,新东方-S,HK_MAINBOARD,46.32,73716310149.36,737.2,4709325382.0,False,NEW ORIENTAL-S,keep,no_match
01157,HK.01157,中联重科,HK_MAINBOARD,8.3,71782842458.8,717.8,2263856207.0,False,ZOOMLION,keep,WL_ZH:中联
02313,HK.02313,申洲国际,HK_MAINBOARD,47.76,71775447216.72,717.8,8257537815.0,False,SHENZHOU INTL,keep,no_match
06806,HK.06806,申万宏源,HK_MAINBOARD,2.86,71614241441.6,716.1,687509469.0,False,SWHY,keep,no_match
03200,HK.03200,大族数控,HK_MAINBOARD,147.1,71127064709.2,711.3,2625189423.0,False,HANS CNC,keep,no_match
00293,HK.00293,国泰航空,HK_MAINBOARD,11.61,70601896521.18,706.0,3363127802.0,False,CATHAY PAC AIR,keep,no_match
00322,HK.00322,康师傅控股,HK_MAINBOARD,12.52,70569184827.2,705.7,4326754589.0,False,TINGYI,keep,no_match
02688,HK.02688,新奥能源,HK_MAINBOARD,61.5,69608114736.0,696.1,5332580082.0,False,ENN ENERGY,keep,no_match
02382,HK.02382,舜宇光学科技,HK_MAINBOARD,64.1,69161643680.0,691.6,15690612254.0,False,SUNNY OPTICAL,keep,WL_EN:OPTIC
00168,HK.00168,青岛啤酒股份,HK_MAINBOARD,50.45,68823643854.45,688.2,3569460943.0,False,TSINGTAO BREW,keep,no_match
00290,HK.00290,国富量子,HK_MAINBOARD,6.58,67799350200.12,678.0,1955617353.0,False,GOFINTECH QUANT,keep,no_match
09995,HK.09995,荣昌生物,HK_MAINBOARD,119.9,67680850211.7,676.8,11460434662.0,False,REMEGEN,keep,WL_ZH:生物
09698,HK.09698,万国数据-SW,HK_MAINBOARD,42.66,67406940025.02,674.1,4420141432.0,False,GDS-SW,keep,no_match
00004,HK.00004,九龙仓集团,HK_MAINBOARD,21.8,66621395728.6,666.2,1181557301.0,False,WHARF HOLDINGS,keep,no_match
00486,HK.00486,俄铝,HK_MAINBOARD,4.35,66089614649.7,660.9,143901565.0,False,RUSAL,keep,no_match
03931,HK.03931,中创新航,HK_MAINBOARD,37.24,66000521191.92,660.0,6148179002.0,False,CALB,keep,WL_ZH:创新
00019,HK.00019,太古股份公司A,HK_MAINBOARD,84.7,65980283600.0,659.8,2498575272.0,False,SWIRE PACIFIC A,keep,no_match
02208,HK.02208,金风科技,HK_MAINBOARD,15.51,65510806814.97,655.1,10881832874.0,False,GOLDWIND,keep,WL_ZH:科技
00135,HK.00135,昆仑能源,HK_MAINBOARD,7.48,64767836775.84,647.7,2687921501.0,False,KUNLUN ENERGY,keep,no_match
00144,HK.00144,招商局港口,HK_MAINBOARD,15.31,64271520637.66,642.7,1325967089.0,False,CHINA MER PORT,keep,no_match
02319,HK.02319,蒙牛乳业,HK_MAINBOARD,16.53,64118258539.89,641.2,7717162036.0,False,MENGNIU DAIRY,keep,no_match
01530,HK.01530,三生制药,HK_MAINBOARD,25.26,64110016707.12,641.1,19083809071.0,False,3SBIO,keep,WL_ZH:制药
00285,HK.00285,比亚迪电子,HK_MAINBOARD,28.3,63765687350.0,637.7,7171061701.0,False,BYD ELECTRONIC,keep,WL_EN:ELECTRON
01099,HK.01099,国药控股,HK_MAINBOARD,20.32,63411733801.12,634.1,2107247788.0,False,SINOPHARM,keep,no_match
02727,HK.02727,上海电气,HK_MAINBOARD,3.97,61694282894.92,616.9,2382381496.0,False,SH ELECTRIC,keep,no_match
01364,HK.01364,古茗,HK_MAINBOARD,25.64,60976685450.4,609.8,4816174386.0,False,GUMING,keep,no_match
06969,HK.06969,思摩尔国际,HK_MAINBOARD,9.82,60836374973.82,608.4,5058185581.0,False,SMOORE INTL,keep,no_match
02788,HK.02788,创新实业,HK_MAINBOARD,29.22,60631500000.0,606.3,4139181920.0,False,CHUANGXIN IND,keep,WL_ZH:创新
00960,HK.00960,龙湖集团,HK_MAINBOARD,8.3,58445538893.6,584.5,3172470598.0,False,LONGFOR GROUP,keep,no_match
06088,HK.06088,FIT HON TENG,HK_MAINBOARD,7.93,57918646875.96,579.2,13432200050.0,False,FIT HON TENG,keep,no_match
00522,HK.00522,ASMPT,HK_MAINBOARD,138.1,57703287352.3,577.0,6121004196.0,False,ASMPT,keep,no_match
09880,HK.09880,优必选,HK_MAINBOARD,113.9,57337416384.7,573.4,14448767190.0,False,UBTECH ROBOTICS,keep,WL_EN:ROBOT
02039,HK.02039,中集集团,HK_MAINBOARD,10.7,57042701359.5,570.4,709779585.0,False,CIMC,keep,no_match
02638,HK.02638,港灯-SS,HK_MAINBOARD,6.41,56640042000.0,566.4,581654763.0,False,HKELECTRIC-SS,keep,no_match
03996,HK.03996,中国能源建设,HK_MAINBOARD,1.28,56627434551.04,566.3,2661829649.0,False,CH ENERGY ENG,keep,no_match
02331,HK.02331,李宁,HK_MAINBOARD,20.98,54229392537.94,542.3,10119915872.0,False,LI NING,keep,no_match
02196,HK.02196,复星医药,HK_MAINBOARD,20.16,53614720152.0,536.1,1258898761.0,False,FOSUN PHARMA,keep,WL_EN:PHARMA
02076,HK.02076,BOSS直聘-W,HK_MAINBOARD,55.05,53230072763.4,532.3,139933981.0,False,BOSS ZHIPIN-W,keep,no_match
02577,HK.02577,英诺赛科,HK_MAINBOARD,58.0,53075837874.0,530.8,5883305446.0,False,INNOSCIENCE,keep,no_match
00151,HK.00151,中国旺旺,HK_MAINBOARD,4.49,52989503396.15,529.9,507963557.0,False,WANT WANT CHINA,keep,no_match
00270,HK.00270,粤海投资,HK_MAINBOARD,8.01,52367949734.4,523.7,2021694446.0,False,GUANGDONG INV,keep,no_match
03858,HK.03858,佳鑫国际资源,HK_MAINBOARD,114.9,52359930000.0,523.6,12941272224.0,False,JIAXIN INTL RES,keep,no_match
00177,HK.00177,江苏宁沪高速公路,HK_MAINBOARD,10.27,51737666825.0,517.4,922226541.0,False,JIANGSU EXPRESS,keep,no_match
00916,HK.00916,龙源电力,HK_MAINBOARD,6.17,51580065731.88,515.8,5293886984.0,False,CHINA LONGYUAN,keep,no_match
03898,HK.03898,时代电气,HK_MAINBOARD,37.8,51330449973.6,513.3,1718291357.0,False,TIMES ELECTRIC,keep,no_match
03668,HK.03668,兖煤澳大利亚,HK_MAINBOARD,37.84,49965428296.08,499.7,3735634062.0,False,YANCOAL AUS,keep,no_match
06198,HK.06198,青岛港,HK_MAINBOARD,7.67,49786737000.0,497.9,557222460.0,False,QINGDAO PORT,keep,no_match
03998,HK.03998,波司登,HK_MAINBOARD,4.17,48724247706.24,487.2,1833044816.0,False,BOSIDENG,keep,no_match
01133,HK.01133,哈尔滨电气,HK_MAINBOARD,21.32,47677404320.0,476.8,4752233929.0,False,HARBIN ELECTRIC,keep,no_match
00008,HK.00008,电讯盈科,HK_MAINBOARD,6.05,46873963233.9,468.7,776882661.0,False,PCCW,keep,no_match
01071,HK.01071,华电国际电力股份,HK_MAINBOARD,4.02,46679332219.68,466.8,1473061035.0,False,HUADIAN POWER,keep,no_match
02726,HK.02726,瀚天天成,HK_MAINBOARD,109.5,46601536695.0,466.0,540053455.0,False,EPIWORLD,keep,no_match
03311,HK.03311,中国建筑国际,HK_MAINBOARD,8.69,45902462844.92,459.0,1638816609.0,False,CHINA STATE CON,keep,no_match
02696,HK.02696,复宏汉霖,HK_MAINBOARD,84.45,45898140335.85,459.0,1948687214.0,False,HENLIUS,keep,no_match
00576,HK.00576,浙江沪杭甬,HK_MAINBOARD,7.58,45768908986.36,457.7,1895686843.0,False,ZHEJIANGEXPRESS,keep,no_match
00991,HK.00991,大唐发电,HK_MAINBOARD,2.47,45711574944.88,457.1,1558485707.0,False,DATANG POWER,keep,no_match
00148,HK.00148,建滔集团,HK_MAINBOARD,41.18,45640277288.48,456.4,4893455482.0,False,KINGBOARD HLDG,keep,no_match
00780,HK.00780,同程旅行,HK_MAINBOARD,18.88,44448720722.56,444.5,2512887242.0,False,TONGCHENGTRAVEL,keep,no_match
02018,HK.02018,瑞声科技,HK_MAINBOARD,38.02,44235794750.0,442.4,3819110294.0,False,AAC TECH,keep,WL_EN:TECH
01729,HK.01729,汇聚科技,HK_MAINBOARD,21.04,44026545140.16,440.3,6132697725.0,False,TIME INTERCON,keep,WL_ZH:科技
02282,HK.02282,美高梅中国,HK_MAINBOARD,11.53,43814000011.53,438.1,1389205417.0,False,MGM CHINA,keep,no_match
02228,HK.02228,晶泰控股,HK_MAINBOARD,10.16,43722257091.76,437.2,10528340674.0,False,XTALPI,keep,no_match
06166,HK.06166,剑桥科技,HK_MAINBOARD,122.8,43305465804.4,433.1,8885168914.0,False,CIG,keep,WL_ZH:科技
02607,HK.02607,上海医药,HK_MAINBOARD,11.64,43165331456.76,431.7,663069087.0,False,SH PHARMA,keep,WL_EN:PHARMA
00868,HK.00868,信义玻璃,HK_MAINBOARD,9.75,43135061307.0,431.4,2679525899.0,False,XINYI GLASS,keep,no_match
01359,HK.01359,中国信达,HK_MAINBOARD,1.13,43125924716.11,431.3,1638037796.0,False,CHINA CINDA,keep,WL_ZH:信达
02883,HK.02883,中海油田服务,HK_MAINBOARD,8.92,42562600640.0,425.6,2502282504.0,False,CHINA OILFIELD,keep,no_match
00425,HK.00425,敏实集团,HK_MAINBOARD,36.12,42325831343.88,423.3,4409743789.0,False,MINTH GROUP,keep,no_match
03896,HK.03896,金山云,HK_MAINBOARD,9.28,42054962953.28,420.5,19952026390.0,False,KINGSOFT CLOUD,keep,WL_EN:CLOUD
02579,HK.02579,中伟新材,HK_MAINBOARD,39.34,41002266773.72,410.0,1178182919.0,False,CNGR,keep,no_match
03323,HK.03323,中国建材,HK_MAINBOARD,5.39,40926385119.62,409.3,4695449465.0,False,CNBM,keep,no_match
07618,HK.07618,京东工业,HK_MAINBOARD,15.0,40725755505.0,407.3,607673016.0,False,JD INDUSTRIALS,keep,WL_EN:INDUSTRI
03320,HK.03320,华润医药,HK_MAINBOARD,6.38,40082416741.18,400.8,3812447036.0,False,CHINARES PHARMA,keep,WL_EN:PHARMA
02380,HK.02380,中国电力,HK_MAINBOARD,3.23,39955587675.09,399.6,1626078580.0,False,CHINA POWER,keep,no_match
01585,HK.01585,雅迪控股,HK_MAINBOARD,12.78,39779632417.32,397.8,3838723205.0,False,YADEA,keep,no_match
01828,HK.01828,富卫集团,HK_MAINBOARD,31.0,39668284356.0,396.7,191164745.0,False,FWD,keep,no_match
00392,HK.00392,北京控股,HK_MAINBOARD,31.36,39450982484.48,394.5,777071970.0,False,BEIJING ENT,keep,no_match
00666,HK.00666,瑞浦兰钧,HK_MAINBOARD,16.75,39142640337.5,391.4,2082490398.0,False,REPT BATTERO,keep,no_match
03759,HK.03759,康龙化成,HK_MAINBOARD,21.22,38833031360.16,388.3,2416343802.0,False,PHARMARON,keep,no_match
03969,HK.03969,中国通号,HK_MAINBOARD,3.63,38441042970.0,384.4,381340059.0,False,CHINA CRSC,keep,no_match
00631,HK.00631,三一国际,HK_MAINBOARD,11.54,37963256158.06,379.6,2858509676.0,False,SANY INT'L,keep,WL_ZH:三一
02026,HK.02026,小马智行-W,HK_MAINBOARD,86.25,37314491370.0,373.1,1082647596.0,False,PONY-W,keep,no_match
00087,HK.00087,太古股份公司B,HK_MAINBOARD,13.08,37264037100.0,372.6,396082704.0,False,SWIRE PACIFIC B,keep,no_match
03347,HK.03347,泰格医药,HK_MAINBOARD,43.08,37093002234.0,370.9,1598791749.0,False,TIGERMED,keep,WL_ZH:医药
01735,HK.01735,中环新能源,HK_MAINBOARD,8.76,37002240000.0,370.0,1406760472.0,False,CENTRAL NEW EGY,keep,WL_ZH:新能源
00659,HK.00659,周大福创建,HK_MAINBOARD,8.1,36985762811.7,369.9,257929836.0,False,CTF SERVICES,keep,no_match
00598,HK.00598,中国外运,HK_MAINBOARD,5.12,36729606282.24,367.3,548829077.0,False,SINOTRANS,keep,no_match
02202,HK.02202,万科企业,HK_MAINBOARD,3.07,36627278075.97,366.3,1312902872.0,False,CHINA VANKE,keep,no_match
09896,HK.09896,名创优品,HK_MAINBOARD,30.18,36579879565.86,365.8,1731560735.0,False,MNSO,keep,no_match
03360,HK.03360,远东宏信,HK_MAINBOARD,7.46,35833063287.4,358.3,935279148.0,False,FE HORIZON,keep,no_match
01318,HK.01318,毛戈平,HK_MAINBOARD,73.05,35808153045.0,358.1,2662154748.0,False,MAO GEPING,keep,no_match
02096,HK.02096,先声药业,HK_MAINBOARD,13.79,35794670152.22,357.9,2322032091.0,False,SIMCERE PHARMA,keep,WL_EN:PHARMA
06655,HK.06655,华新建材,HK_MAINBOARD,17.19,35737935206.31,357.4,1168717784.0,False,HX BLDG MAT,keep,no_match
06821,HK.06821,凯莱英,HK_MAINBOARD,98.45,35528140796.5,355.3,1517864168.0,False,ASYMCHEM,keep,no_match
02252,HK.02252,微创机器人-B,HK_MAINBOARD,34.14,35209617500.34,352.1,4217652472.0,False,MEDBOT-B,keep,no_match
01070,HK.01070,TCL电子,HK_MAINBOARD,13.85,34914951896.75,349.1,3606436632.0,False,TCL ELECTRONICS,keep,WL_EN:ELECTRON
03696,HK.03696,英矽智能,HK_MAINBOARD,60.8,34802041600.0,348.0,4142980648.0,False,INSILICO,keep,WL_ZH:智能
01882,HK.01882,海天国际,HK_MAINBOARD,21.62,34505520000.0,345.1,1069183404.0,False,HAITIAN INT'L,keep,no_match
00656,HK.00656,复星国际,HK_MAINBOARD,4.17,34111566580.98,341.1,1482832320.0,False,FOSUN INTL,keep,no_match
01385,HK.01385,上海复旦,HK_MAINBOARD,41.34,34052305755.0,340.5,3991316464.0,False,SHANGHAI FUDAN,keep,no_match
00867,HK.00867,康哲药业,HK_MAINBOARD,13.93,33982632172.16,339.8,1362594007.0,False,CMS,keep,no_match
03888,HK.03888,金山软件,HK_MAINBOARD,24.4,33716274044.0,337.2,6131727022.0,False,KINGSOFT,keep,WL_ZH:软件
00220,HK.00220,统一企业中国,HK_MAINBOARD,7.7,33258871800.0,332.6,1115633519.0,False,U-PRESID CHINA,keep,no_match
00257,HK.00257,光大环境,HK_MAINBOARD,5.39,33110636823.88,331.1,1480206434.0,False,EB ENVIRONMENT,keep,no_match
03393,HK.03393,威胜控股,HK_MAINBOARD,33.12,32983534836.0,329.8,3084536353.0,False,WASION HOLDINGS,keep,no_match
01618,HK.01618,中国中冶,HK_MAINBOARD,1.59,32950554480.3,329.5,661590908.0,False,MCC,keep,no_match
00564,HK.00564,中创智领,HK_MAINBOARD,18.42,32887066710.6,328.9,589372150.0,False,ZCZL,keep,no_match
00683,HK.00683,嘉里建设,HK_MAINBOARD,22.42,32538274421.76,325.4,714999375.0,False,KERRY PPT,keep,no_match
00268,HK.00268,金蝶国际,HK_MAINBOARD,9.16,32513133942.36,325.1,8002813293.0,False,KINGDEE INT'L,keep,no_match
02238,HK.02238,广汽集团,HK_MAINBOARD,3.18,32426669562.0,324.3,895152475.0,False,GAC GROUP,keep,no_match
03800,HK.03800,协鑫科技,HK_MAINBOARD,0.97,32219975873.81,322.2,6355308763.0,False,GCL TECH,keep,WL_EN:TECH
01908,HK.01908,建发国际集团,HK_MAINBOARD,14.17,31742984050.44,317.4,1766275905.0,False,,keep,no_match
00068,HK.00068,群核科技,HK_MAINBOARD,18.6,31621987224.0,316.2,2590288993.0,False,,keep,WL_ZH:科技
02400,HK.02400,心动公司,HK_MAINBOARD,64.2,31614209128.8,316.1,4034568093.0,False,XD INC,keep,no_match
02718,HK.02718,明略科技-W,HK_MAINBOARD,216.6,31506887472.6,315.1,980387711.0,False,MININGLAMP-W,keep,WL_ZH:科技
02661,HK.02661,轻松健康,HK_MAINBOARD,152.3,31430792030.7,314.3,1309548598.0,False,QINGSONG HEALTH,keep,WL_EN:HEALTH
02367,HK.02367,巨子生物,HK_MAINBOARD,28.76,30799199040.0,308.0,3028995864.0,False,GIANT BIOGENE,keep,WL_ZH:生物
02631,HK.02631,天岳先进,HK_MAINBOARD,63.1,30579430126.4,305.8,2303209906.0,False,SICC,keep,no_match
03277,HK.03277,长光辰芯,HK_MAINBOARD,70.0,30470594000.0,304.7,2010048991.0,False,,keep,no_match
01797,HK.01797,东方甄选,HK_MAINBOARD,28.66,30368414517.88,303.7,5426967126.0,False,EAST BUY,keep,no_match
01128,HK.01128,永利澳门,HK_MAINBOARD,5.75,30266376200.0,302.7,512386144.0,False,WYNN MACAU,keep,no_match
01044,HK.01044,恒安国际,HK_MAINBOARD,25.96,30134911005.32,301.3,1716388002.0,False,,keep,no_match
01548,HK.01548,金斯瑞生物科技,HK_MAINBOARD,13.76,30107517679.68,301.1,2297286784.0,False,GENSCRIPT BIO,keep,WL_EN:BIO
00921,HK.00921,海信家电,HK_MAINBOARD,21.56,29857606846.76,298.6,394368371.0,False,HISENSE HA,keep,no_match
01877,HK.01877,君实生物,HK_MAINBOARD,28.96,29732938664.16,297.3,2698477013.0,False,JUNSHI BIO,keep,WL_EN:BIO
02689,HK.02689,玖龙纸业,HK_MAINBOARD,6.32,29654835525.52,296.5,1748258073.0,False,ND PAPER,keep,no_match
06186,HK.06186,中国飞鹤,HK_MAINBOARD,3.34,29417600111.36,294.2,1705611379.0,False,CHINA FEIHE,keep,no_match
06680,HK.06680,金力永磁,HK_MAINBOARD,21.36,29382587383.92,293.8,1809817822.0,False,JLMAG,keep,no_match
00696,HK.00696,中国民航信息网络,HK_MAINBOARD,9.99,29232833794.11,292.3,2142828989.0,False,TRAVELSKY TECH,keep,WL_EN:TECH
02525,HK.02525,禾赛-W,HK_MAINBOARD,186.0,29228451246.0,292.3,3861968138.0,False,HESAI-W,keep,no_match
00552,HK.00552,中国通信服务,HK_MAINBOARD,4.22,29227797648.0,292.3,793733780.0,False,CHINACOMSERVICE,keep,WL_ZH:通信
02659,HK.02659,宝济药业-B,HK_MAINBOARD,89.65,29224238337.25,292.2,1270225825.0,False,BAO PHARMA-B,keep,WL_EN:PHARMA
06979,HK.06979,珍酒李渡,HK_MAINBOARD,8.59,29108276294.5,291.1,728205299.0,False,ZJLD,keep,no_match
02357,HK.02357,中航科工,HK_MAINBOARD,3.6,28702275271.2,287.0,1742557999.0,False,,keep,no_match
09606,HK.09606,映恩生物-B,HK_MAINBOARD,310.6,28027927148.4,280.3,6167666502.0,False,DUALITYBIO-B,keep,WL_ZH:生物
09981,HK.09981,沃尔核材,HK_MAINBOARD,20.02,28025744987.24,280.3,1263013003.0,False,WOER,keep,no_match
09969,HK.09969,诺诚健华,HK_MAINBOARD,15.72,27701123005.44,277.0,2946229508.0,False,INNOCARE,keep,no_match
02386,HK.02386,中石化炼化工程,HK_MAINBOARD,6.3,27682351200.0,276.8,1028723851.0,False,SINOPEC SEG,keep,WL_ZH:化工
02617,HK.02617,药捷安康-B,HK_MAINBOARD,69.2,27610636203.6,276.1,1876359365.0,False,TRANSTHERA-B,keep,no_match
00772,HK.00772,阅文集团,HK_MAINBOARD,26.86,27436851457.22,274.4,2604951438.0,False,CHINA LIT,keep,no_match
00874,HK.00874,白云山,HK_MAINBOARD,16.86,27410835400.14,274.1,651475813.0,False,BAIYUNSHAN PH,keep,WL_ZH:云
09899,HK.09899,网易云音乐,HK_MAINBOARD,125.0,26647489500.0,266.5,2972021133.0,False,NETEASE MUSIC,keep,WL_ZH:网易
00968,HK.00968,信义光能,HK_MAINBOARD,2.9,26526426483.5,265.3,3879795536.0,False,XINYI SOLAR,keep,WL_EN:SOLAR
02419,HK.02419,德康农牧,HK_MAINBOARD,68.75,26493289350.0,264.9,2216400842.0,False,DEKON AGR,keep,no_match
00995,HK.00995,安徽皖通高速公路,HK_MAINBOARD,15.43,26363572847.27,263.6,500995518.0,False,ANHUIEXPRESSWAY,keep,no_match
01456,HK.01456,国联民生,HK_MAINBOARD,4.64,26357950619.84,263.6,384494085.0,False,GLMS SEC,keep,no_match
02315,HK.02315,百奥赛图-B,HK_MAINBOARD,58.55,26165902491.0,261.7,1765908818.0,False,BIOCYTOGEN-B,keep,no_match
02648,HK.02648,安井食品,HK_MAINBOARD,78.2,26063194482.4,260.6,1073396006.0,False,ANJOY FOOD,keep,no_match
01833,HK.01833,平安好医生,HK_MAINBOARD,12.05,26045396826.0,260.5,2838427862.0,False,PA GOODDOCTOR,keep,no_match
06600,HK.06600,卧安机器人,HK_MAINBOARD,115.0,25915951500.0,259.2,1529754827.0,False,ONEROBOTICS,keep,no_match
00136,HK.00136,中国儒意,HK_MAINBOARD,1.54,25872946507.1,258.7,2410680322.0,False,CHINA RUYI,keep,no_match
09678,HK.09678,云知声,HK_MAINBOARD,354.0,25833359922.0,258.3,5008115480.0,False,UNISOUND,keep,WL_ZH:云
00551,HK.00551,裕元集团,HK_MAINBOARD,16.1,25833359424.6,258.3,1961704006.0,False,YUE YUEN IND,keep,no_match
06651,HK.06651,五一视界,HK_MAINBOARD,62.25,25771734744.75,257.7,8548861348.0,False,51WORLD,keep,no_match
01513,HK.01513,丽珠医药,HK_MAINBOARD,28.94,25696033528.74,257.0,550143768.0,False,LIVZON PHARMA,keep,WL_EN:PHARMA
06887,HK.06887,东阳光药,HK_MAINBOARD,44.02,25355011436.94,253.6,250829402.0,False,SUNSHINE PHARMA,keep,WL_EN:PHARMA
01788,HK.01788,国泰君安国际,HK_MAINBOARD,2.66,25349652920.62,253.5,10331677910.0,False,GUOTAI JUNAN I,keep,no_match
00699,HK.00699,均胜电子,HK_MAINBOARD,16.3,25277560176.9,252.8,888091292.0,False,JOYSON ELEC,keep,WL_ZH:电子
02706,HK.02706,海致科技集团,HK_MAINBOARD,63.0,25227132840.0,252.3,1950863114.0,False,HAIZHI TECH GP,keep,WL_EN:TECH
02526,HK.02526,德适-B,HK_MAINBOARD,282.2,25081710240.0,250.8,1618457174.0,False,DIAGENS-B,keep,no_match
07489,HK.07489,岚图汽车,HK_MAINBOARD,6.8,25024000000.0,250.2,2266734327.0,False,VOYAH AUTO,keep,WL_EN:AUTO
01384,HK.01384,滴普科技,HK_MAINBOARD,75.55,24677047600.0,246.8,17259829869.0,False,DEEPEXI TECH,keep,WL_EN:TECH
01415,HK.01415,高伟电子,HK_MAINBOARD,28.38,24640759044.0,246.4,2369940284.0,False,COWELL,keep,WL_ZH:电子
02590,HK.02590,极智嘉-W,HK_MAINBOARD,18.36,24552589283.28,245.5,1579485374.0,False,GEEKPLUS-W,keep,no_match
02635,HK.02635,诺比侃(新),HK_MAINBOARD,64.0,24234624000.0,242.3,602923409.0,False,NUOBIKAN-NEW,keep,no_match
00512,HK.00512,远大医药,HK_MAINBOARD,6.76,23995100960.48,240.0,942913082.0,False,GRAND PHARMA,keep,WL_EN:PHARMA
01860,HK.01860,汇量科技,HK_MAINBOARD,15.22,23958626376.08,239.6,3784977940.0,False,MOBVISTA,keep,WL_ZH:科技
02276,HK.02276,康耐特光学,HK_MAINBOARD,47.2,23926860000.0,239.3,2532258459.0,False,CONANT OPTICAL,keep,WL_EN:OPTIC
02931,HK.02931,诺比侃(旧),HK_MAINBOARD,63.0,23855958000.0,238.6,217735650.0,False,NUOBIKAN-OLD,keep,no_match
00179,HK.00179,德昌电机控股,HK_MAINBOARD,25.36,23696689182.24,237.0,1669420508.0,False,JOHNSON ELEC H,keep,no_match
02162,HK.02162,康诺亚-B,HK_MAINBOARD,79.25,23674793605.5,236.7,4662729252.0,False,KEYMED BIO-B,keep,WL_EN:BIO
00142,HK.00142,第一太平,HK_MAINBOARD,5.54,23612144960.66,236.1,561343846.0,False,FIRST PACIFIC,keep,no_match
02245,HK.02245,力勤资源,HK_MAINBOARD,15.09,23479004071.5,234.8,2264528016.0,False,LYGEND RESOURCE,keep,no_match
03900,HK.03900,绿城中国,HK_MAINBOARD,9.15,23237328013.5,232.4,2209924157.0,False,GREENTOWN CHINA,keep,no_match
02676,HK.02676,纳芯微,HK_MAINBOARD,141.3,22978691082.9,229.8,481399686.0,False,NOVOSENSE,keep,no_match
02477,HK.02477,经纬天地,HK_MAINBOARD,22.96,22960000000.0,229.6,3333192085.0,False,WELLCELL HOLD,keep,no_match
00010,HK.00010,恒隆集团,HK_MAINBOARD,16.5,22466700993.0,224.7,494378959.0,False,,keep,no_match
06865,HK.06865,福莱特玻璃,HK_MAINBOARD,9.53,22327649516.31,223.3,851040074.0,False,FLAT GLASS,keep,no_match
03899,HK.03899,中集安瑞科,HK_MAINBOARD,10.54,22256727464.88,222.6,1987177406.0,False,CIMC ENRIC,keep,no_match
01757,HK.01757,环球华商(一千),HK_MAINBOARD,18.49,22188000000.0,221.9,505933878.0,False,GLOBAL CHI-1K,keep,no_match
03396,HK.03396,联想控股,HK_MAINBOARD,9.39,22125008151.0,221.3,653436431.0,False,LEGENDHOLDING,keep,no_match
02655,HK.02655,果下科技,HK_MAINBOARD,42.54,22023450400.5,220.2,5126858998.0,False,GUOXIA TECH,keep,WL_EN:TECH
09985,HK.09985,卫龙美味,HK_MAINBOARD,9.03,21953244569.34,219.5,1103974351.0,False,WL DELICIOUS,keep,no_match
02675,HK.02675,精锋医疗-B,HK_MAINBOARD,56.0,21945308000.0,219.5,314867179.0,False,EDGE MEDICAL-B,keep,WL_EN:MEDICAL
06055,HK.06055,中烟香港,HK_MAINBOARD,31.28,21635750400.0,216.4,1293316128.0,False,CTIHK,keep,no_match
00017,HK.00017,新世界发展,HK_MAINBOARD,8.58,21592712607.18,215.9,1243465816.0,False,NEW WORLD DEV,keep,no_match
06682,HK.06682,范式智能,HK_MAINBOARD,41.62,21576787443.46,215.8,3877507885.0,False,PHANCY,keep,WL_ZH:智能
00013,HK.00013,和黄医药,HK_MAINBOARD,24.72,21563938766.4,215.6,2293851948.0,False,HUTCHMED,keep,WL_ZH:医药
01910,HK.01910,新秀丽,HK_MAINBOARD,15.49,21483694729.29,214.8,1811147897.0,False,SAMSONITE,keep,no_match
06060,HK.06060,众安在线,HK_MAINBOARD,12.61,21245490669.0,212.5,3643991096.0,False,,keep,no_match
01357,HK.01357,美图公司,HK_MAINBOARD,4.63,21092540416.4,210.9,6006632271.0,False,MEITU,keep,no_match
00817,HK.00817,中国金茂,HK_MAINBOARD,1.55,20944322839.4,209.4,1120167024.0,False,CHINA JINMAO,keep,no_match
00800,HK.00800,文远知行-W,HK_MAINBOARD,20.82,20940119428.5,209.4,1561503686.0,False,WERIDE-W,keep,no_match
00586,HK.00586,海螺创业,HK_MAINBOARD,11.66,20895198747.94,209.0,2395236019.0,False,CONCH VENTURE,keep,no_match
00317,HK.00317,中船防务,HK_MAINBOARD,14.78,20891624266.84,208.9,998713249.0,False,COMEC,keep,no_match
03677,HK.03677,正力新能,HK_MAINBOARD,8.16,20844076200.48,208.4,877477088.0,False,ZENERGY,keep,no_match
09688,HK.09688,再鼎医药,HK_MAINBOARD,18.27,20720519108.1,207.2,3927218374.0,False,ZAI LAB,keep,WL_ZH:医药
03355,HK.03355,飞速创新,HK_MAINBOARD,51.0,20400000000.0,204.0,1749315338.0,False,FS.COM,keep,WL_ZH:创新
06098,HK.06098,碧桂园服务,HK_MAINBOARD,6.23,20287508991.47,202.9,1005395505.0,False,CG SERVICES,keep,no_match
00189,HK.00189,东岳集团,HK_MAINBOARD,11.68,20238071920.16,202.4,3177028904.0,False,DONGYUE GROUP,keep,no_match
02602,HK.02602,万物云,HK_MAINBOARD,17.44,20115620889.76,201.2,764221439.0,False,ONEWO,keep,WL_ZH:云
02880,HK.02880,辽港股份,HK_MAINBOARD,0.85,20036002131.05,200.4,72197391.0,False,LIAONING PORT,keep,no_match
01428,HK.01428,耀才证券金融,HK_MAINBOARD,11.74,19926258655.92,199.3,19091571890.0,False,BRIGHT SMART,keep,WL_EN:SMART
03933,HK.03933,联邦制药,HK_MAINBOARD,10.04,19809186140.32,198.1,2196836204.0,False,UNITED LAB,keep,WL_ZH:制药
00014,HK.00014,希慎兴业,HK_MAINBOARD,19.25,19769908292.75,197.7,910539681.0,False,HYSAN DEV,keep,no_match
06855,HK.06855,亚盛医药-B,HK_MAINBOARD,52.75,19692877503.0,196.9,2644097023.0,False,ASCENTAGE-B,keep,WL_ZH:医药
01672,HK.01672,歌礼制药-B,HK_MAINBOARD,18.48,19609688313.6,196.1,763494340.0,False,ASCLETIS-B,keep,WL_ZH:制药
02225,HK.02225,今海医疗科技,HK_MAINBOARD,3.7,19573000000.0,195.7,996082907.0,False,JINHAI MED TECH,keep,WL_EN:TECH
02658,HK.02658,天域半导体,HK_MAINBOARD,48.02,18884753898.22,188.8,144870831.0,False,TIANYU SEMI,keep,WL_ZH:半导体
00548,HK.00548,深圳高速公路股份,HK_MAINBOARD,7.39,18754756778.53,187.5,567669814.0,False,SHENZHENEXPRESS,keep,no_match
00579,HK.00579,京能清洁能源,HK_MAINBOARD,2.27,18715033486.88,187.2,422179356.0,False,JNCEC,keep,no_match
02698,HK.02698,乐舒适,HK_MAINBOARD,29.86,18536320598.0,185.4,1168853772.0,False,SOFTCARE,keep,no_match
02145,HK.02145,上美股份,HK_MAINBOARD,46.24,18409459158.08,184.1,994031893.0,False,CHICMAX,keep,no_match
02232,HK.02232,晶苑国际,HK_MAINBOARD,6.44,18372173680.0,183.7,475516704.0,False,CRYSTAL INTL,keep,no_match
01060,HK.01060,大麦娱乐,HK_MAINBOARD,0.61,18285821358.25,182.9,1545880515.0,False,DAMAI ENT,keep,no_match
02692,HK.02692,兆威机电,HK_MAINBOARD,68.15,18228946005.0,182.3,1032555066.0,False,ZHAOWEI,keep,no_match
01918,HK.01918,融创中国,HK_MAINBOARD,1.09,18152864515.87,181.5,3155492841.0,False,SUNAC,keep,no_match
06110,HK.06110,滔搏,HK_MAINBOARD,2.92,18107568310.08,181.1,585617561.0,False,TOPSPORTS,keep,no_match
03918,HK.03918,金界控股,HK_MAINBOARD,4.09,18090029754.4,180.9,329227366.0,False,NAGACORP,keep,no_match
02889,HK.02889,博泰车联,HK_MAINBOARD,119.9,17983950755.1,179.8,2119426093.0,False,PATEO,keep,no_match
02729,HK.02729,凯乐士科技,HK_MAINBOARD,41.9,17928328245.1,179.3,798726654.0,False,GALAXIS TECH,keep,WL_EN:TECH
00546,HK.00546,阜丰集团,HK_MAINBOARD,7.11,17827230323.07,178.3,987982806.0,False,FUFENG GROUP,keep,no_match
00881,HK.00881,中升控股,HK_MAINBOARD,7.53,17823463788.39,178.2,1467152819.0,False,ZHONGSHENG HLDG,keep,no_match
00152,HK.00152,深圳国际,HK_MAINBOARD,7.29,17814832305.3,178.1,1463904916.0,False,SHENZHEN INT'L,keep,no_match
00326,HK.00326,中国星集团,HK_MAINBOARD,7.3,17731014902.3,177.3,1600262965.0,False,CHINA STAR ENT,keep,no_match
01286,HK.01286,鹰普精密,HK_MAINBOARD,9.34,17627248111.1,176.3,807022343.0,False,IMPRO PRECISION,keep,WL_EN:PRECISION
00107,HK.00107,四川成渝高速公路,HK_MAINBOARD,5.76,17614425600.0,176.1,785157830.0,False,SICHUAN EXPRESS,keep,no_match
09858,HK.09858,优然牧业,HK_MAINBOARD,4.2,17606306898.6,176.1,2225440898.0,False,YOURAN DAIRY,keep,no_match
00853,HK.00853,微创医疗,HK_MAINBOARD,9.15,17543959793.25,175.4,3348481931.0,False,MICROPORT,keep,WL_ZH:医疗
02498,HK.02498,速腾聚创,HK_MAINBOARD,37.1,17518633096.3,175.2,4011756226.0,False,ROBOSENSE,keep,no_match
02575,HK.02575,轩竹生物-B,HK_MAINBOARD,33.56,17382327832.4,173.8,1676727619.0,False,XUANZHUBIO-B,keep,WL_ZH:生物
06993,HK.06993,蓝月亮集团,HK_MAINBOARD,2.96,17330592077.76,173.3,98156479.0,False,BLUE MOON GROUP,keep,no_match
02038,HK.02038,富智康集团,HK_MAINBOARD,22.08,17228321546.88,172.3,314272649.0,False,FIH,keep,no_match
01651,HK.01651,津上机床中国,HK_MAINBOARD,45.8,17205915000.0,172.1,1009300988.0,False,TSUGAMI CHINA,keep,no_match
00956,HK.00956,新天绿色能源,HK_MAINBOARD,3.81,17193360608.13,171.9,706381336.0,False,CHINA SUNTIEN,keep,no_match
02565,HK.02565,派格-B(五十),HK_MAINBOARD,43.76,17114165440.32,171.1,948033086.0,False,PEGBIO CO-B,keep,no_match
09887,HK.09887,维立志博-B,HK_MAINBOARD,85.85,17074861030.0,170.7,2097215498.0,False,LEADS BIOLABS-B,keep,no_match
01277,HK.01277,力量发展,HK_MAINBOARD,2.02,17028600000.0,170.3,982911261.0,False,KINETIC DEV,keep,no_match
02670,HK.02670,云迹,HK_MAINBOARD,242.0,16880270044.0,168.8,255390365.0,False,,keep,WL_ZH:云
02595,HK.02595,劲方医药-B,HK_MAINBOARD,45.54,16866496330.2,168.7,2632457837.0,False,GENFLEET-B,keep,WL_ZH:医药
09898,HK.09898,微博-SW,HK_MAINBOARD,68.3,16570327338.6,165.7,366487261.0,False,WB-SW,keep,no_match
06127,HK.06127,昭衍新药,HK_MAINBOARD,21.98,16470673875.6,164.7,2420479710.0,False,JOINN,keep,no_match
01066,HK.01066,威高股份,HK_MAINBOARD,3.63,16403558808.12,164.0,2448511847.0,False,WEIGAO GROUP,keep,no_match
01999,HK.01999,敏华控股,HK_MAINBOARD,4.2,16287949440.0,162.9,599348985.0,False,MAN WAH HLDGS,keep,no_match
02442,HK.02442,怡俊集团控股,HK_MAINBOARD,39.88,16271040000.0,162.7,350553686.0,False,EASY SMART GP,keep,WL_EN:SMART
01579,HK.01579,颐海国际,HK_MAINBOARD,15.6,16172520000.0,161.7,1636175827.0,False,YIHAI INTL,keep,no_match
01440,HK.01440,应星控股,HK_MAINBOARD,12.75,16062067500.0,160.6,383060460.0,False,STAR SHINE HLDG,keep,no_match
01196,HK.01196,伟禄集团,HK_MAINBOARD,11.04,15923101075.2,159.2,318643105.0,False,REALORD GROUP,keep,no_match
01030,HK.01030,新城发展,HK_MAINBOARD,2.19,15907593930.99,159.1,838347172.0,False,SEAZEN,keep,no_match
00525,HK.00525,广深铁路股份,HK_MAINBOARD,2.24,15867122880.0,158.7,366947936.0,False,GUANGSHEN RAIL,keep,no_match
00069,HK.00069,香格里拉(亚洲),HK_MAINBOARD,4.4,15776310246.4,157.8,52936477.0,False,SHANGRI-LA ASIA,keep,no_match
00303,HK.00303,VTECH HOLDINGS,HK_MAINBOARD,61.6,15619139905.6,156.2,607396726.0,False,VTECH HOLDINGS,keep,no_match
02432,HK.02432,越疆,HK_MAINBOARD,35.4,15574421160.0,155.7,1882419637.0,False,DOBOT,keep,no_match
01033,HK.01033,中石化油服,HK_MAINBOARD,0.82,15544777583.06,155.4,2983917720.0,False,SINOPEC SSC,keep,no_match
01114,HK.01114,BRILLIANCE CHI,HK_MAINBOARD,3.08,15539429715.04,155.4,2600054569.0,False,BRILLIANCE CHI,keep,no_match
06699,HK.06699,时代天使,HK_MAINBOARD,90.25,15423397843.75,154.2,1726199663.0,False,ANGELALIGN,keep,no_match
00363,HK.00363,上海实业控股,HK_MAINBOARD,14.14,15373172024.0,153.7,310579899.0,False,SHANGHAI IND H,keep,no_match
02637,HK.02637,海西新药,HK_MAINBOARD,195.2,15363659104.0,153.6,1606295819.0,False,HAIXI PHARMA,keep,WL_EN:PHARMA
01686,HK.01686,新意网集团,HK_MAINBOARD,6.44,15212512184.52,152.1,1241798268.0,False,SUNEVISION,keep,no_match
01866,HK.01866,中国心连心化肥,HK_MAINBOARD,11.88,15143198400.0,151.4,1102914609.0,False,CHINA XLX FERT,keep,no_match
02507,HK.02507,西锐,HK_MAINBOARD,40.78,14925023998.04,149.3,2182498899.0,False,CIRRUS,keep,no_match
00880,HK.00880,澳博控股,HK_MAINBOARD,2.1,14913791268.6,149.1,406218668.0,False,SJM HOLDINGS,keep,no_match
02616,HK.02616,基石药业-B,HK_MAINBOARD,10.1,14909887155.1,149.1,3587184017.0,False,CSTONE PHARMA-B,keep,WL_EN:PHARMA
02128,HK.02128,中国联塑,HK_MAINBOARD,4.8,14891608320.0,148.9,1020127885.0,False,CHINA LESSO,keep,no_match
03881,HK.03881,希迪智驾,HK_MAINBOARD,33.92,14853333952.0,148.5,2789736050.0,False,CIDI-NEW,keep,no_match
02580,HK.02580,奥克斯电气,HK_MAINBOARD,9.3,14770587360.0,147.7,450146367.0,False,AUX ELECTRIC,keep,no_match
02643,HK.02643,曹操出行,HK_MAINBOARD,25.32,14722066193.16,147.2,877532236.0,False,CAOCAO INC,keep,no_match
06808,HK.06808,高鑫零售,HK_MAINBOARD,1.54,14692377238.0,146.9,155957824.0,False,SUNART RETAIL,keep,no_match
02510,HK.02510,德翔海运,HK_MAINBOARD,8.69,14469119390.0,144.7,568087996.0,False,TS LINES,keep,no_match
09911,HK.09911,赤子城科技,HK_MAINBOARD,10.22,14440434756.02,144.4,3333527584.0,False,NEWBORNTOWN,keep,WL_ZH:科技
01361,HK.01361,361度,HK_MAINBOARD,6.98,14432420360.0,144.3,1033698699.0,False,361 DEGREES,keep,no_match
00325,HK.00325,布鲁可,HK_MAINBOARD,58.0,14415717010.0,144.2,818400520.0,False,BLOKS,keep,no_match
03660,HK.03660,奇富科技-S,HK_MAINBOARD,55.2,14372436364.8,143.7,45145024.0,False,QFIN-S,keep,WL_ZH:科技
02314,HK.02314,理文造纸,HK_MAINBOARD,3.33,14302350000.0,143.0,360387130.0,False,,keep,no_match
00336,HK.00336,华宝国际,HK_MAINBOARD,4.43,14301953210.68,143.0,839814106.0,False,HUABAO INTL,keep,no_match
02630,HK.02630,旺山旺水-B,HK_MAINBOARD,85.25,14287712450.0,142.9,142455564.0,False,VIGONVITA-B,keep,no_match
02171,HK.02171,科济药业-B,HK_MAINBOARD,24.9,14201789675.1,142.0,2039367820.0,False,CARSGEN-B,keep,no_match
02858,HK.02858,易鑫集团,HK_MAINBOARD,2.09,14185203485.09,141.9,546882553.0,False,YIXIN,keep,no_match
02768,HK.02768,国恩科技,HK_MAINBOARD,47.08,14182850000.0,141.8,773378841.0,False,GON TECHNOLOGY,keep,WL_EN:TECH
03625,HK.03625,傅里叶,HK_MAINBOARD,126.6,14179200000.0,141.8,1036737896.0,False,,keep,no_match
01952,HK.01952,云顶新耀,HK_MAINBOARD,39.56,13987799180.48,139.9,2744083642.0,False,EVEREST MED,keep,WL_ZH:云
03339,HK.03339,中国龙工,HK_MAINBOARD,3.26,13953126000.0,139.5,722222937.0,False,LONKING,keep,no_match
01304,HK.01304,FORTIOR,HK_MAINBOARD,120.4,13859735232.0,138.6,464140040.0,False,FORTIOR,keep,no_match
02869,HK.02869,绿城服务,HK_MAINBOARD,4.42,13856034648.56,138.6,295901714.0,False,GREENTOWN SER,keep,no_match
09636,HK.09636,九方智投控股,HK_MAINBOARD,29.42,13745980150.0,137.5,1827478564.0,False,JF SMARTINVEST,keep,WL_EN:SMART
01681,HK.01681,康臣药业,HK_MAINBOARD,16.31,13725633380.41,137.3,583160943.0,False,CONSUN PHARMA,keep,WL_EN:PHARMA
00639,HK.00639,首钢资源,HK_MAINBOARD,2.69,13694966921.3,136.9,769287462.0,False,SHOUGANG RES,keep,no_match
00697,HK.00697,首程控股,HK_MAINBOARD,1.66,13601314847.26,136.0,1895816555.0,False,SHOUCHENG,keep,no_match
03369,HK.03369,秦港股份,HK_MAINBOARD,2.43,13577411160.0,135.8,64281046.0,False,QHD PORT,keep,no_match
02233,HK.02233,西部水泥,HK_MAINBOARD,2.48,13547081393.6,135.5,1508874990.0,False,WESTCHINACEMENT,keep,no_match
02650,HK.02650,挚达科技,HK_MAINBOARD,45.3,13542164785.5,135.4,1117988518.0,False,ZHIDA TECH-NEW,keep,WL_EN:TECH
00467,HK.00467,联合能源集团,HK_MAINBOARD,0.52,13441789288.72,134.4,1588315565.0,False,UNITEDENERGY GP,keep,no_match
01907,HK.01907,中国旭阳集团,HK_MAINBOARD,3.14,13434851100.0,134.3,4284097190.0,False,CHINA RISUN GP,keep,no_match
09638,HK.09638,法拉帝,HK_MAINBOARD,39.6,13403913098.4,134.0,84682072.0,False,FERRETTI,keep,no_match
00440,HK.00440,大新金融,HK_MAINBOARD,41.9,13390196690.0,133.9,175591593.0,False,DAH SING,keep,no_match
00338,HK.00338,上海石油化工股份,HK_MAINBOARD,1.27,13389124225.0,133.9,483227831.0,False,SHANGHAI PECHEM,keep,WL_ZH:化工
01316,HK.01316,耐世特,HK_MAINBOARD,5.33,13377363481.69,133.8,1837749251.0,False,NEXTEER,keep,no_match
00590,HK.00590,六福集团,HK_MAINBOARD,22.78,13374316823.0,133.7,697008324.0,False,LUK FOOK HOLD,keep,no_match
00856,HK.00856,伟仕佳杰,HK_MAINBOARD,9.3,13297028381.4,133.0,2967030805.0,False,VSTECS,keep,no_match
00622,HK.00622,威华达控股,HK_MAINBOARD,1.9,13192618319.4,131.9,365821390.0,False,OSHIDORI,keep,no_match
00041,HK.00041,鹰君,HK_MAINBOARD,17.59,13174511498.55,131.7,138591817.0,False,GREAT EAGLE H,keep,no_match
01083,HK.01083,港华智慧能源,HK_MAINBOARD,3.55,13034500139.0,130.3,224917280.0,False,TG SMART ENERGY,keep,WL_EN:SMART ENERGY
09611,HK.09611,龙旗科技,HK_MAINBOARD,24.94,13033410661.36,130.3,320698006.0,False,LONGCHEER,keep,WL_ZH:科技
02142,HK.02142,和铂医药-B,HK_MAINBOARD,14.95,13004265303.9,130.0,1301719986.0,False,HBM HOLDINGS-B,keep,WL_ZH:医药
03887,HK.03887,HASHKEY HLDGS,HK_MAINBOARD,4.69,12972860805.38,129.7,220844111.0,False,HASHKEY HLDGS,keep,no_match
02715,HK.02715,埃斯顿,HK_MAINBOARD,13.37,12939465316.61,129.4,368929740.0,False,ESTUN,keep,no_match
01836,HK.01836,九兴控股,HK_MAINBOARD,15.32,12889428380.0,128.9,554658008.0,False,STELLA HOLDINGS,keep,no_match
00811,HK.00811,新华文轩,HK_MAINBOARD,10.4,12831946400.0,128.3,276953988.0,False,XINHUA WINSHARE,keep,no_match
00600,HK.00600,爱芯元智,HK_MAINBOARD,21.7,12779923807.7,127.8,402665871.0,False,AXERA,keep,no_match
01368,HK.01368,特步国际,HK_MAINBOARD,4.53,12711507772.68,127.1,1442073383.0,False,XTEP INT'L,keep,no_match
09900,HK.09900,智云科技建设,HK_MAINBOARD,4.25,12648000000.0,126.5,199970161.0,False,ZCLOUD TECH CON,keep,WL_EN:TECH
00863,HK.00863,OSL集团,HK_MAINBOARD,13.87,12473198792.24,124.7,938775114.0,False,OSL GROUP,keep,no_match
00638,HK.00638,广和通,HK_MAINBOARD,13.73,12346920038.12,123.5,618069420.0,False,FIBOCOM,keep,no_match
00460,HK.00460,四环医药,HK_MAINBOARD,1.33,12164164313.98,121.6,806667611.0,False,SIHUAN PHARM,keep,WL_ZH:医药
02533,HK.02533,黑芝麻智能,HK_MAINBOARD,17.81,12079805987.21,120.8,2279085827.0,False,BLACK SESAME,keep,WL_ZH:智能
01958,HK.01958,北京汽车,HK_MAINBOARD,1.5,12023007273.0,120.2,267340699.0,False,BAIC MOTOR,keep,no_match
00751,HK.00751,创维集团,HK_MAINBOARD,6.32,11957469906.24,119.6,245894915.0,False,SKYWORTH GROUP,keep,no_match
01310,HK.01310,香港宽频,HK_MAINBOARD,8.06,11920107838.08,119.2,550043014.0,False,HKBN,keep,no_match
02666,HK.02666,环球医疗,HK_MAINBOARD,5.91,11903951100.84,119.0,486058007.0,False,UNI MEDICAL,keep,WL_EN:MEDICAL
00636,HK.00636,KLN,HK_MAINBOARD,6.55,11838662190.1,118.4,125698766.0,False,KLN,keep,no_match
00990,HK.00990,至源控股,HK_MAINBOARD,0.79,11693062258.49,116.9,548985588.0,False,DEEP SOURCE,keep,no_match
02665,HK.02665,图达通,HK_MAINBOARD,8.99,11682560378.4,116.8,1317205057.0,False,SEYOND,keep,no_match
09966,HK.09966,康宁杰瑞制药-B,HK_MAINBOARD,11.9,11526038894.3,115.3,419277853.0,False,ALPHAMAB-B,keep,WL_ZH:制药
02157,HK.02157,乐普生物-B,HK_MAINBOARD,6.37,11494281768.06,114.9,2139323888.0,False,LEPU BIO-B,keep,WL_EN:BIO
00667,HK.00667,中国东方教育,HK_MAINBOARD,5.18,11490501055.46,114.9,704076462.0,False,CHINA EAST EDU,keep,no_match
02186,HK.02186,绿叶制药,HK_MAINBOARD,2.87,11464260785.11,114.6,2174056983.0,False,LUYE PHARMA,keep,WL_EN:PHARMA
02556,HK.02556,迈富时,HK_MAINBOARD,44.88,11462504592.0,114.6,3500115614.0,False,MARKETINGFORCE,keep,no_match
03306,HK.03306,江南布衣,HK_MAINBOARD,21.46,11444296100.0,114.4,482827794.0,False,JNBY,keep,no_match
00376,HK.00376,云锋金融,HK_MAINBOARD,2.78,11284830850.94,112.8,519530348.0,False,YUNFENG FIN,keep,WL_ZH:云
09690,HK.09690,途虎-W,HK_MAINBOARD,13.65,11283118173.6,112.8,629269278.0,False,TUHU-W,keep,no_match
06938,HK.06938,瑞博生物-B,HK_MAINBOARD,65.9,11239568569.0,112.4,288383473.0,False,RIBOLIFE-B,keep,WL_ZH:生物
02465,HK.02465,龙蟠科技,HK_MAINBOARD,16.36,11207890853.08,112.1,3699478069.0,False,LOPAL TECH,keep,WL_EN:TECH
01811,HK.01811,中广核新能源,HK_MAINBOARD,2.59,11110903160.0,111.1,521401770.0,False,CGN NEW ENERGY,keep,WL_EN:NEW ENERGY
01117,HK.01117,现代牧业,HK_MAINBOARD,1.39,11002770246.72,110.0,493775317.0,False,CH MODERN D,keep,no_match
00297,HK.00297,中化化肥,HK_MAINBOARD,1.56,10958150943.48,109.6,1756596889.0,False,SINOFERT,keep,no_match
01798,HK.01798,大唐新能源,HK_MAINBOARD,1.5,10910551500.0,109.1,671675586.0,False,DATANG RENEW,keep,WL_ZH:新能源
00165,HK.00165,中国光大控股,HK_MAINBOARD,6.46,10886738979.52,108.9,1030487979.0,False,CHINA EB LTD,keep,no_match
02685,HK.02685,量化派,HK_MAINBOARD,21.02,10827349450.0,108.3,1242121405.0,False,QUANTGROUP,keep,no_match
01021,HK.01021,华沿机器人,HK_MAINBOARD,19.9,10817591842.0,108.2,1783988985.0,False,HUAYAN ROBOTICS,keep,WL_EN:ROBOT
06636,HK.06636,极视角,HK_MAINBOARD,95.5,10783361776.5,107.8,2096960922.0,False,EXTREME VISION,keep,no_match
02656,HK.02656,健康160,HK_MAINBOARD,32.02,10773218976.2,107.7,2195514413.0,False,160 HEALTH,keep,WL_EN:HEALTH
06069,HK.06069,盛业,HK_MAINBOARD,9.96,10607447728.32,106.1,1310694372.0,False,SY HOLDINGS,keep,no_match
01313,HK.01313,华润建材科技,HK_MAINBOARD,1.51,10544236103.67,105.4,470938503.0,False,CR BLDG MAT TEC,keep,WL_ZH:科技
00506,HK.00506,中国食品,HK_MAINBOARD,3.71,10377698799.16,103.8,301284785.0,False,CHINA FOODS,keep,no_match
01883,HK.01883,中信国际电讯,HK_MAINBOARD,2.8,10362495869.6,103.6,255187976.0,False,CITIC TELECOM,keep,WL_EN:TELECOM
09699,HK.09699,顺丰同城,HK_MAINBOARD,11.28,10312793094.96,103.1,641547747.0,False,SF INTRA-CITY,keep,no_match
00934,HK.00934,中石化冠德,HK_MAINBOARD,4.08,10143532800.0,101.4,278212015.0,False,SINOPEC KANTONS,keep,no_match
01478,HK.01478,丘钛科技,HK_MAINBOARD,8.48,10127807948.0,101.3,940141888.0,False,Q TECH,keep,WL_EN:TECH
00354,HK.00354,中国软件国际,HK_MAINBOARD,3.7,10108693624.6,101.1,1933840934.0,False,CHINASOFT INT'L,keep,WL_ZH:软件
02722,HK.02722,重庆机电,HK_MAINBOARD,2.73,10059067620.42,100.6,1038091153.0,False,,keep,no_match
00826,HK.00826,天工国际,HK_MAINBOARD,3.68,10028000000.0,100.3,1121158189.0,False,TIANGONG INT'L,keep,no_match
